{
  "schema_version": 1,
  "mode": "quick",
  "passed": true,
  "completed": 128,
  "expected": 128,
  "failed_requests": 0,
  "success_rate": 1.0,
  "server_crash": false,
  "oom": false,
  "timeout": false,
  "parse_error": null,
  "raw_files": {
    "raw": "/home/t-jialianggu/work/EndtoEnd-auto-optimization/experiments/problems_moe/P001/attempts/attempt_001/verification/target/quick_raw.jsonl",
    "benchmark_log": "/home/t-jialianggu/work/EndtoEnd-auto-optimization/experiments/problems_moe/P001/attempts/attempt_001/verification/target/quick_benchmark.log",
    "server_log": "/home/t-jialianggu/work/EndtoEnd-auto-optimization/experiments/problems_moe/P001/attempts/attempt_001/verification/target/server.log"
  },
  "duration_s": 1.258740589953959,
  "request_throughput": 101.68894291768399,
  "input_throughput": 7127.759342636412,
  "output_throughput": 798.4170908771282,
  "ttft_mean_ms": 140.4259040737088,
  "ttft_p50_ms": 160.79966945108026,
  "ttft_p95_ms": 168.68310916470364,
  "ttft_p99_ms": 392.7947263675742,
  "ttft_std_ms": 66.1788854763796,
  "tpot_mean_ms": 61.61668322775595,
  "tpot_p50_ms": 57.35841398127377,
  "tpot_p99_ms": 165.86599488199374,
  "itl_p50_ms": 38.33375405520201,
  "itl_p95_ms": 355.86299686692655,
  "itl_p99_ms": 356.4525396283716,
  "e2e_p50_ms": 487.94035403989255,
  "e2e_p90_ms": 1041.9277991866693,
  "e2e_p99_ms": 1133.2998279877938,
  "e2e_mean_ms": 563.8642058092955
}