{
  "schema_version": 1,
  "mode": "quick",
  "passed": true,
  "completed": 64,
  "expected": 64,
  "failed_requests": 0,
  "success_rate": 1.0,
  "server_crash": false,
  "oom": false,
  "timeout": false,
  "parse_error": null,
  "raw_files": {
    "raw": "/home/t-jialianggu/work/EndtoEnd-auto-optimization/experiments/problems_moe/P001/attempts/attempt_002/verification/neighbors/scheduler_overhead_high_concurrency__con_16/quick_raw.jsonl",
    "benchmark_log": "/home/t-jialianggu/work/EndtoEnd-auto-optimization/experiments/problems_moe/P001/attempts/attempt_002/verification/neighbors/scheduler_overhead_high_concurrency__con_16/quick_benchmark.log",
    "server_log": "/home/t-jialianggu/work/EndtoEnd-auto-optimization/experiments/problems_moe/P001/attempts/attempt_002/verification/neighbors/scheduler_overhead_high_concurrency__con_16/server.log"
  },
  "duration_s": 1.4389172059018165,
  "request_throughput": 44.477889163809884,
  "input_throughput": 3142.6408562304423,
  "output_throughput": 390.57146421970555,
  "ttft_mean_ms": 103.99527126719477,
  "ttft_p50_ms": 95.42067348957062,
  "ttft_p95_ms": 163.40422476641834,
  "ttft_p99_ms": 165.33266277052462,
  "ttft_std_ms": 36.57426355389484,
  "tpot_mean_ms": 29.380953883944187,
  "tpot_p50_ms": 31.03957412083848,
  "tpot_p99_ms": 55.40474388340955,
  "itl_p50_ms": 12.228177045471966,
  "itl_p95_ms": 82.67300961306319,
  "itl_p99_ms": 92.592684016563,
  "e2e_p50_ms": 306.56978592742234,
  "e2e_p90_ms": 572.0284414011986,
  "e2e_p99_ms": 669.3792534200475,
  "e2e_mean_ms": 341.45582207202096
}