{
  "schema_version": 1,
  "mode": "quick",
  "passed": true,
  "completed": 160,
  "expected": 160,
  "failed_requests": 0,
  "success_rate": 1.0,
  "server_crash": false,
  "oom": false,
  "timeout": false,
  "parse_error": null,
  "raw_files": {
    "raw": "/home/t-jialianggu/work/EndtoEnd-auto-optimization/experiments/tmp/regime_scout/20260528_023213/run_0003_short_in_short_out/quick_raw.jsonl",
    "benchmark_log": "/home/t-jialianggu/work/EndtoEnd-auto-optimization/experiments/tmp/regime_scout/20260528_023213/run_0003_short_in_short_out/quick_benchmark.log",
    "server_log": "/home/t-jialianggu/work/EndtoEnd-auto-optimization/experiments/tmp/regime_scout/20260528_023213/run_0003_short_in_short_out/server.log"
  },
  "duration_s": 1.612705894978717,
  "request_throughput": 99.21213812026869,
  "input_throughput": 7094.287951462463,
  "output_throughput": 1638.8605065741883,
  "ttft_mean_ms": 41.01824585522991,
  "ttft_p50_ms": 34.39202741719782,
  "ttft_p95_ms": 98.65436461986974,
  "ttft_p99_ms": 99.7113522910513,
  "ttft_std_ms": 20.673950591636416,
  "tpot_mean_ms": 7.084948206165344,
  "tpot_p50_ms": 7.245428572544673,
  "tpot_p99_ms": 13.18415968954055,
  "itl_p50_ms": 2.193193882703781,
  "itl_p95_ms": 31.311967875808477,
  "itl_p99_ms": 39.20426112599671,
  "e2e_p50_ms": 154.15584051515907,
  "e2e_p90_ms": 271.9261784804985,
  "e2e_p99_ms": 397.02537589706475,
  "e2e_mean_ms": 157.69695199996931
}