{
  "schema_version": 1,
  "mode": "quick",
  "passed": true,
  "completed": 8,
  "expected": 8,
  "failed_requests": 0,
  "success_rate": 1.0,
  "server_crash": false,
  "oom": false,
  "timeout": false,
  "parse_error": null,
  "raw_files": {
    "raw": "/home/t-jialianggu/work/EndtoEnd-auto-optimization/experiments/problems_moe/P001/attempts/attempt_002/verification/controls/prefill_long/quick_raw.jsonl",
    "benchmark_log": "/home/t-jialianggu/work/EndtoEnd-auto-optimization/experiments/problems_moe/P001/attempts/attempt_002/verification/controls/prefill_long/quick_benchmark.log",
    "server_log": "/home/t-jialianggu/work/EndtoEnd-auto-optimization/experiments/problems_moe/P001/attempts/attempt_002/verification/controls/prefill_long/server.log"
  },
  "duration_s": 0.9682942978106439,
  "request_throughput": 8.261950956530832,
  "input_throughput": 30724.13011959903,
  "output_throughput": 91.9142043914055,
  "ttft_mean_ms": 141.65585397859104,
  "ttft_p50_ms": 157.0777154993266,
  "ttft_p95_ms": 189.56140158697963,
  "ttft_p99_ms": 192.86166748031974,
  "ttft_std_ms": 43.15924993487351,
  "tpot_mean_ms": 7.026264032033677,
  "tpot_p50_ms": 5.414865989625067,
  "tpot_p99_ms": 13.844988063495192,
  "itl_p50_ms": 5.415913183242083,
  "itl_p95_ms": 29.45308806374669,
  "itl_p99_ms": 49.56996282562616,
  "e2e_p50_ms": 229.5109819388017,
  "e2e_p90_ms": 281.3285539858043,
  "e2e_p99_ms": 307.4516678415239,
  "e2e_mean_ms": 218.0657514545601
}