{
  "schema_version": 1,
  "mode": "quick",
  "passed": true,
  "completed": 128,
  "expected": 128,
  "failed_requests": 0,
  "success_rate": 1.0,
  "server_crash": false,
  "oom": false,
  "timeout": false,
  "parse_error": null,
  "raw_files": {
    "raw": "/home/t-jialianggu/work/EndtoEnd-auto-optimization/experiments/tmp/regime_scout/20260528_172134/run_0003_scheduler_overhead_high_concurrency/quick_raw.jsonl",
    "benchmark_log": "/home/t-jialianggu/work/EndtoEnd-auto-optimization/experiments/tmp/regime_scout/20260528_172134/run_0003_scheduler_overhead_high_concurrency/quick_benchmark.log",
    "server_log": "/home/t-jialianggu/work/EndtoEnd-auto-optimization/experiments/tmp/regime_scout/20260528_172134/run_0003_scheduler_overhead_high_concurrency/server.log"
  },
  "duration_s": 3.102325898827985,
  "request_throughput": 41.259366093148564,
  "input_throughput": 2892.0236920916323,
  "output_throughput": 323.95049159073676,
  "ttft_mean_ms": 1004.218539714202,
  "ttft_p50_ms": 924.8277310980484,
  "ttft_p95_ms": 2282.4782288284036,
  "ttft_p99_ms": 2442.3036485840566,
  "ttft_std_ms": 641.4936995608642,
  "tpot_mean_ms": 59.50974054627399,
  "tpot_p50_ms": 43.96483380920612,
  "tpot_p99_ms": 157.78562140243594,
  "itl_p50_ms": 46.68582882732153,
  "itl_p95_ms": 504.1259960737079,
  "itl_p99_ms": 505.20840254612267,
  "e2e_p50_ms": 1275.3292280249298,
  "e2e_p90_ms": 2519.833251275122,
  "e2e_p99_ms": 2903.469198865351,
  "e2e_mean_ms": 1434.0937320066587
}