{
  "schema_version": 1,
  "mode": "quick",
  "passed": true,
  "completed": 128,
  "expected": 128,
  "failed_requests": 0,
  "success_rate": 1.0,
  "server_crash": false,
  "oom": false,
  "timeout": false,
  "parse_error": null,
  "raw_files": {
    "raw": "/home/t-jialianggu/work/EndtoEnd-auto-optimization/experiments/problems_moe/P001/attempts/attempt_002/verification/target/quick_raw.jsonl",
    "benchmark_log": "/home/t-jialianggu/work/EndtoEnd-auto-optimization/experiments/problems_moe/P001/attempts/attempt_002/verification/target/quick_benchmark.log",
    "server_log": "/home/t-jialianggu/work/EndtoEnd-auto-optimization/experiments/problems_moe/P001/attempts/attempt_002/verification/target/server.log"
  },
  "duration_s": 1.003858441952616,
  "request_throughput": 127.50801771515296,
  "input_throughput": 8937.515116721503,
  "output_throughput": 1001.1371703416306,
  "ttft_mean_ms": 131.24690530457883,
  "ttft_p50_ms": 136.20146899484098,
  "ttft_p95_ms": 164.78212792426348,
  "ttft_p99_ms": 165.56865270715207,
  "ttft_std_ms": 33.392954315298205,
  "tpot_mean_ms": 44.727806880345376,
  "tpot_p50_ms": 49.66204084921628,
  "tpot_p99_ms": 75.30009858387832,
  "itl_p50_ms": 20.071715116500854,
  "itl_p95_ms": 173.44111776910722,
  "itl_p99_ms": 173.61096860840917,
  "e2e_p50_ms": 362.8161709057167,
  "e2e_p90_ms": 832.5561576522887,
  "e2e_p99_ms": 899.7162499674596,
  "e2e_mean_ms": 440.62267097251606
}