{
  "schema_version": 1,
  "mode": "quick",
  "passed": true,
  "completed": 64,
  "expected": 64,
  "failed_requests": 0,
  "success_rate": 1.0,
  "server_crash": false,
  "oom": false,
  "timeout": false,
  "parse_error": null,
  "raw_files": {
    "raw": "/home/t-jialianggu/work/EndtoEnd-auto-optimization/experiments/problems_moe/P001/attempts/attempt_003/verification/neighbors/scheduler_overhead_high_concurrency__con_16/quick_raw.jsonl",
    "benchmark_log": "/home/t-jialianggu/work/EndtoEnd-auto-optimization/experiments/problems_moe/P001/attempts/attempt_003/verification/neighbors/scheduler_overhead_high_concurrency__con_16/quick_benchmark.log",
    "server_log": "/home/t-jialianggu/work/EndtoEnd-auto-optimization/experiments/problems_moe/P001/attempts/attempt_003/verification/neighbors/scheduler_overhead_high_concurrency__con_16/server.log"
  },
  "duration_s": 1.3866660799831152,
  "request_throughput": 46.15386568104363,
  "input_throughput": 3261.059072026239,
  "output_throughput": 405.2886330116644,
  "ttft_mean_ms": 97.9147758698673,
  "ttft_p50_ms": 94.267577980645,
  "ttft_p95_ms": 147.01716385316104,
  "ttft_p99_ms": 147.56129949120805,
  "ttft_std_ms": 30.77178067616071,
  "tpot_mean_ms": 28.594749702894784,
  "tpot_p50_ms": 30.263195061706938,
  "tpot_p99_ms": 51.53341513010675,
  "itl_p50_ms": 13.136267545633018,
  "itl_p95_ms": 81.88543992582709,
  "itl_p99_ms": 91.30420905305073,
  "e2e_p50_ms": 293.986179982312,
  "e2e_p90_ms": 559.3129686079919,
  "e2e_p99_ms": 632.684969631955,
  "e2e_mean_ms": 329.29733676064643
}