{
  "0,4": 1.14603,
  "1,4": 1.18308,
  "2,4": 1.02738,
  "3,4": 1.01572,
  "4,4": 1.11194,
  "5,4": 1.06743,
  "6,4": 1.04347,
  "7,4": 1.05885,
  "8,4": 1.03011,
  "9,4": 1.06738,
  "10,4": 1.04121,
  "11,4": 1.05425,
  "12,4": 1.02987,
  "13,4": 1.03181,
  "14,4": 1.03545,
  "15,4": 1.0213,
  "16,4": 1.00236,
  "17,4": 1.02678,
  "18,4": 1.00177,
  "19,4": 1.01778,
  "20,4": 0.9872,
  "21,4": 1.00377,
  "22,4": 0.9961,
  "23,4": 1.00915,
  "24,4": 0.99609,
  "25,4": 1.01914,
  "26,4": 1.01732,
  "27,4": 1.04315,
  "28,4": 1.03538,
  "29,4": 1.0462,
  "30,4": 1.03492,
  "31,4": 1.01439,
  "32,4": 1.00407,
  "33,4": 1.03276,
  "34,4": 1.02047,
  "35,4": 1.02213,
  "36,4": 1.04677,
  "37,4": 1.05599,
  "38,4": 1.05864,
  "39,4": 1.06422,
  "40,4": 1.03947,
  "41,4": 1.05422,
  "42,4": 1.04475,
  "43,4": 1.04509,
  "44,4": 1.05769,
  "45,4": 1.06518,
  "46,4": 1.05413,
  "47,4": 1.25729,
  "0,6": 1.04259,
  "1,6": 1.05447,
  "2,6": 1.00185,
  "3,6": 1.00507,
  "4,6": 1.02838,
  "5,6": 1.02084,
  "6,6": 1.01848,
  "7,6": 1.01845,
  "8,6": 1.01047,
  "9,6": 1.02279,
  "10,6": 1.01079,
  "11,6": 1.01289,
  "12,6": 1.00906,
  "13,6": 1.00909,
  "14,6": 1.00519,
  "15,6": 1.00517,
  "16,6": 0.99784,
  "17,6": 1.00221,
  "18,6": 0.99503,
  "19,6": 1.00069,
  "20,6": 0.99363,
  "21,6": 1.00337,
  "22,6": 0.99289,
  "23,6": 0.99635,
  "24,6": 0.9849,
  "25,6": 0.99717,
  "26,6": 0.98736,
  "27,6": 0.99973,
  "28,6": 0.99003,
  "29,6": 0.99159,
  "30,6": 0.99724,
  "31,6": 0.98472,
  "32,6": 0.9884,
  "33,6": 0.99803,
  "34,6": 0.99531,
  "35,6": 0.99366,
  "36,6": 0.99907,
  "37,6": 1.00861,
  "38,6": 1.00979,
  "39,6": 1.00939,
  "40,6": 1.00558,
  "41,6": 1.01343,
  "42,6": 1.00882,
  "43,6": 1.00799,
  "44,6": 1.01654,
  "45,6": 1.01162,
  "46,6": 1.01141,
  "47,6": 1.10478
}