{
  "schema_version": 1,
  "mode": "quick",
  "passed": true,
  "completed": 8,
  "expected": 8,
  "failed_requests": 0,
  "success_rate": 1.0,
  "server_crash": false,
  "oom": false,
  "timeout": false,
  "parse_error": null,
  "raw_files": {
    "raw": "/home/t-jialianggu/work/EndtoEnd-auto-optimization/experiments/tmp/regime_scout/20260528_172134/run_0004_prefill_long/quick_raw.jsonl",
    "benchmark_log": "/home/t-jialianggu/work/EndtoEnd-auto-optimization/experiments/tmp/regime_scout/20260528_172134/run_0004_prefill_long/quick_benchmark.log",
    "server_log": "/home/t-jialianggu/work/EndtoEnd-auto-optimization/experiments/tmp/regime_scout/20260528_172134/run_0004_prefill_long/server.log"
  },
  "duration_s": 1.7170423441566527,
  "request_throughput": 4.659174555144301,
  "input_throughput": 17326.30537694287,
  "output_throughput": 51.83331692598035,
  "ttft_mean_ms": 329.44140664767474,
  "ttft_p50_ms": 155.47106694430113,
  "ttft_p95_ms": 944.3081993493252,
  "ttft_p99_ms": 947.587694299873,
  "ttft_std_ms": 355.5776277675797,
  "tpot_mean_ms": 6.98409162335851,
  "tpot_p50_ms": 5.378094281813783,
  "tpot_p99_ms": 13.712070010395513,
  "itl_p50_ms": 5.3576279897242785,
  "itl_p95_ms": 30.560078797861934,
  "itl_p99_ms": 48.658290179446375,
  "e2e_p50_ms": 239.1111614415422,
  "e2e_p90_ms": 1004.351729596965,
  "e2e_p99_ms": 1021.2490950082429,
  "e2e_mean_ms": 405.3311539173592
}