{
  "schema_version": 1,
  "mode": "quick",
  "passed": true,
  "completed": 64,
  "expected": 64,
  "failed_requests": 0,
  "success_rate": 1.0,
  "server_crash": false,
  "oom": false,
  "timeout": false,
  "parse_error": null,
  "raw_files": {
    "raw": "/home/t-jialianggu/work/EndtoEnd-auto-optimization/experiments/tmp/regime_scout/20260528_172928/run_0002_scheduler_overhead_high_concurrency__con_32/quick_raw.jsonl",
    "benchmark_log": "/home/t-jialianggu/work/EndtoEnd-auto-optimization/experiments/tmp/regime_scout/20260528_172928/run_0002_scheduler_overhead_high_concurrency__con_32/quick_benchmark.log",
    "server_log": "/home/t-jialianggu/work/EndtoEnd-auto-optimization/experiments/tmp/regime_scout/20260528_172928/run_0002_scheduler_overhead_high_concurrency__con_32/server.log"
  },
  "duration_s": 0.9139361290726811,
  "request_throughput": 70.02677535566643,
  "input_throughput": 4947.829346223806,
  "output_throughput": 614.9226210919459,
  "ttft_mean_ms": 117.3408529975859,
  "ttft_p50_ms": 136.4051605341956,
  "ttft_p95_ms": 146.93971916567534,
  "ttft_p99_ms": 147.20143906772137,
  "ttft_std_ms": 34.68692769806087,
  "tpot_mean_ms": 38.89636379272474,
  "tpot_p50_ms": 43.344840834227696,
  "tpot_p99_ms": 68.88123253593221,
  "itl_p50_ms": 35.543562029488385,
  "itl_p95_ms": 90.33301621675491,
  "itl_p99_ms": 90.46299409586936,
  "e2e_p50_ms": 358.576625934802,
  "e2e_p90_ms": 731.5584075404331,
  "e2e_p99_ms": 805.621441390831,
  "e2e_mean_ms": 407.7079777343897
}