{
  "schema_version": 1,
  "mode": "quick",
  "passed": true,
  "completed": 64,
  "expected": 64,
  "failed_requests": 0,
  "success_rate": 1.0,
  "server_crash": false,
  "oom": false,
  "timeout": false,
  "parse_error": null,
  "raw_files": {
    "raw": "/home/t-jialianggu/work/EndtoEnd-auto-optimization/experiments/tmp/regime_scout/20260528_172928/run_0001_scheduler_overhead_high_concurrency__con_16/quick_raw.jsonl",
    "benchmark_log": "/home/t-jialianggu/work/EndtoEnd-auto-optimization/experiments/tmp/regime_scout/20260528_172928/run_0001_scheduler_overhead_high_concurrency__con_16/quick_benchmark.log",
    "server_log": "/home/t-jialianggu/work/EndtoEnd-auto-optimization/experiments/tmp/regime_scout/20260528_172928/run_0001_scheduler_overhead_high_concurrency__con_16/server.log"
  },
  "duration_s": 1.4487762390635908,
  "request_throughput": 44.175213724768206,
  "input_throughput": 3121.2549447406536,
  "output_throughput": 387.91359552062085,
  "ttft_mean_ms": 99.86326418584213,
  "ttft_p50_ms": 96.04485298041254,
  "ttft_p95_ms": 141.59137363312766,
  "ttft_p99_ms": 142.06912510329857,
  "ttft_std_ms": 28.05544206067908,
  "tpot_mean_ms": 30.09796038333786,
  "tpot_p50_ms": 32.443293409111604,
  "tpot_p99_ms": 52.83574745757506,
  "itl_p50_ms": 12.760558049194515,
  "itl_p95_ms": 81.58958267886192,
  "itl_p99_ms": 91.9196841539815,
  "e2e_p50_ms": 304.8577040899545,
  "e2e_p90_ms": 591.1849404219539,
  "e2e_p99_ms": 664.5507435267791,
  "e2e_mean_ms": 344.8990493088786
}