{
  "schema_version": 1,
  "mode": "quick",
  "passed": true,
  "completed": 64,
  "expected": 64,
  "failed_requests": 0,
  "success_rate": 1.0,
  "server_crash": false,
  "oom": false,
  "timeout": false,
  "parse_error": null,
  "raw_files": {
    "raw": "/home/t-jialianggu/work/EndtoEnd-auto-optimization/experiments/problems_moe/P001/attempts/attempt_002/verification/neighbors/scheduler_overhead_high_concurrency__con_32/quick_raw.jsonl",
    "benchmark_log": "/home/t-jialianggu/work/EndtoEnd-auto-optimization/experiments/problems_moe/P001/attempts/attempt_002/verification/neighbors/scheduler_overhead_high_concurrency__con_32/quick_benchmark.log",
    "server_log": "/home/t-jialianggu/work/EndtoEnd-auto-optimization/experiments/problems_moe/P001/attempts/attempt_002/verification/neighbors/scheduler_overhead_high_concurrency__con_32/server.log"
  },
  "duration_s": 0.8487732850480825,
  "request_throughput": 75.40293872040806,
  "input_throughput": 5327.688888963831,
  "output_throughput": 662.1320556385832,
  "ttft_mean_ms": 121.67570480596623,
  "ttft_p50_ms": 121.17384909652174,
  "ttft_p95_ms": 150.12947579380125,
  "ttft_p99_ms": 150.57231911923736,
  "ttft_std_ms": 28.37045324261948,
  "tpot_mean_ms": 32.89493169710092,
  "tpot_p50_ms": 37.26427957216011,
  "tpot_p99_ms": 57.02632308530157,
  "itl_p50_ms": 13.338775490410626,
  "itl_p95_ms": 85.16559294657782,
  "itl_p99_ms": 102.93151504127309,
  "e2e_p50_ms": 311.6675609489903,
  "e2e_p90_ms": 708.9699616190046,
  "e2e_p99_ms": 744.8215271206573,
  "e2e_mean_ms": 379.01881973812124
}