{
  "schema_version": 1,
  "mode": "quick",
  "passed": true,
  "completed": 160,
  "expected": 160,
  "failed_requests": 0,
  "success_rate": 1.0,
  "server_crash": false,
  "oom": false,
  "timeout": false,
  "parse_error": null,
  "raw_files": {
    "raw": "/home/t-jialianggu/work/EndtoEnd-auto-optimization/experiments/tmp/regime_scout/20260528_030217/run_0002_scheduler_overhead_high_concurrency__con_32/quick_raw.jsonl",
    "benchmark_log": "/home/t-jialianggu/work/EndtoEnd-auto-optimization/experiments/tmp/regime_scout/20260528_030217/run_0002_scheduler_overhead_high_concurrency__con_32/quick_benchmark.log",
    "server_log": "/home/t-jialianggu/work/EndtoEnd-auto-optimization/experiments/tmp/regime_scout/20260528_030217/run_0002_scheduler_overhead_high_concurrency__con_32/server.log"
  },
  "duration_s": 0.800744062056765,
  "request_throughput": 199.81415733390423,
  "input_throughput": 14287.96108785749,
  "output_throughput": 1622.241189854635,
  "ttft_mean_ms": 52.0125638198806,
  "ttft_p50_ms": 41.223395615816116,
  "ttft_p95_ms": 121.67238830588758,
  "ttft_p99_ms": 122.3714276892133,
  "ttft_std_ms": 27.096595407768095,
  "tpot_mean_ms": 15.290017479326217,
  "tpot_p50_ms": 12.806646822189743,
  "tpot_p99_ms": 44.962055909758,
  "itl_p50_ms": 6.070167990401387,
  "itl_p95_ms": 42.06327758729458,
  "itl_p99_ms": 76.90399164799601,
  "e2e_p50_ms": 140.45008644461632,
  "e2e_p90_ms": 282.13679110631347,
  "e2e_p99_ms": 410.5289291404187,
  "e2e_mean_ms": 154.11481596238445
}