{
  "schema_version": 1,
  "mode": "quick",
  "passed": true,
  "completed": 160,
  "expected": 160,
  "failed_requests": 0,
  "success_rate": 1.0,
  "server_crash": false,
  "oom": false,
  "timeout": false,
  "parse_error": null,
  "raw_files": {
    "raw": "/home/t-jialianggu/work/EndtoEnd-auto-optimization/experiments/tmp/regime_scout/20260528_030217/run_0001_scheduler_overhead_high_concurrency__con_16/quick_raw.jsonl",
    "benchmark_log": "/home/t-jialianggu/work/EndtoEnd-auto-optimization/experiments/tmp/regime_scout/20260528_030217/run_0001_scheduler_overhead_high_concurrency__con_16/quick_benchmark.log",
    "server_log": "/home/t-jialianggu/work/EndtoEnd-auto-optimization/experiments/tmp/regime_scout/20260528_030217/run_0001_scheduler_overhead_high_concurrency__con_16/server.log"
  },
  "duration_s": 1.197050245013088,
  "request_throughput": 133.6618915259072,
  "input_throughput": 9557.660630924402,
  "output_throughput": 1085.1674818259592,
  "ttft_mean_ms": 43.50689907150809,
  "ttft_p50_ms": 38.431806955486536,
  "ttft_p95_ms": 95.9777950309217,
  "ttft_p99_ms": 96.8898397241719,
  "ttft_std_ms": 18.95017777087562,
  "tpot_mean_ms": 8.983449765338358,
  "tpot_p50_ms": 9.54698407664322,
  "tpot_p99_ms": 19.63725959882142,
  "itl_p50_ms": 3.0824148561805487,
  "itl_p95_ms": 33.968774508684874,
  "itl_p99_ms": 41.30161776207387,
  "e2e_p50_ms": 106.92100296728313,
  "e2e_p90_ms": 205.17400284297761,
  "e2e_p99_ms": 272.45265910401935,
  "e2e_mean_ms": 116.80351547402097
}