{
  "regime": "R_long_prefill",
  "run": 1,
  "elapsed_wall_s": 1.6309216120280325,
  "wall_s": 1.6308493721298873,
  "req_per_s": 2.45270965446429,
  "tokens_per_s": 78.48670894285728,
  "total_out_tokens": 128,
  "completion_rate": 1.0,
  "errors": [],
  "records": [
    {
      "idx": 2,
      "ok": true,
      "e2e_s": 1.627862694207579,
      "output_tokens": 32,
      "error": null
    },
    {
      "idx": 3,
      "ok": true,
      "e2e_s": 1.6276345821097493,
      "output_tokens": 32,
      "error": null
    },
    {
      "idx": 1,
      "ok": true,
      "e2e_s": 1.629510191269219,
      "output_tokens": 32,
      "error": null
    },
    {
      "idx": 0,
      "ok": true,
      "e2e_s": 1.6302006170153618,
      "output_tokens": 32,
      "error": null
    }
  ]
}