{
  "regime": "R_long_prefill",
  "run": 0,
  "elapsed_wall_s": 2.1876999028027058,
  "wall_s": 2.1876266417093575,
  "req_per_s": 1.8284655725688634,
  "tokens_per_s": 58.51089832220363,
  "total_out_tokens": 128,
  "completion_rate": 1.0,
  "errors": [],
  "records": [
    {
      "idx": 2,
      "ok": true,
      "e2e_s": 2.185071289073676,
      "output_tokens": 32,
      "error": null
    },
    {
      "idx": 1,
      "ok": true,
      "e2e_s": 2.1860581766813993,
      "output_tokens": 32,
      "error": null
    },
    {
      "idx": 3,
      "ok": true,
      "e2e_s": 2.184896261896938,
      "output_tokens": 32,
      "error": null
    },
    {
      "idx": 0,
      "ok": true,
      "e2e_s": 2.1871019518002868,
      "output_tokens": 32,
      "error": null
    }
  ]
}