{
  "regime": "R_long_prefill",
  "run": 2,
  "elapsed_wall_s": 1.3250571666285396,
  "wall_s": 1.3249949477612972,
  "req_per_s": 3.01887943554681,
  "tokens_per_s": 96.60414193749791,
  "total_out_tokens": 128,
  "completion_rate": 1.0,
  "errors": [],
  "records": [
    {
      "idx": 2,
      "ok": true,
      "e2e_s": 1.3220935608260334,
      "output_tokens": 32,
      "error": null
    },
    {
      "idx": 3,
      "ok": true,
      "e2e_s": 1.3215445629321039,
      "output_tokens": 32,
      "error": null
    },
    {
      "idx": 0,
      "ok": true,
      "e2e_s": 1.3244766909629107,
      "output_tokens": 32,
      "error": null
    },
    {
      "idx": 1,
      "ok": true,
      "e2e_s": 1.3235050281509757,
      "output_tokens": 32,
      "error": null
    }
  ]
}