{
  "tag": "vllm_cutlass",
  "results": {
    "S_tiny": {
      "wall_s": 4.927443742752075,
      "req_per_s": 3.247119771491025,
      "tok_per_s": 207.8156653754256,
      "total_tok": 1024,
      "n_reqs": 16,
      "prompt_words": 100,
      "max_new": 64,
      "conc": 1,
      "run1_rps": 3.2499318863570963,
      "run2_rps": 3.247119771491025
    },
    "S_batch1": {
      "wall_s": 38.00628995895386,
      "req_per_s": 0.841965896554477,
      "tok_per_s": 215.5432695179461,
      "total_tok": 8192,
      "n_reqs": 32,
      "prompt_words": 200,
      "max_new": 256,
      "conc": 1,
      "run1_rps": 0.8413430037471678,
      "run2_rps": 0.841965896554477
    },
    "S_conc8_mid": {
      "wall_s": 7.379483938217163,
      "req_per_s": 4.336346588448704,
      "tok_per_s": 1110.1047266428682,
      "total_tok": 8192,
      "n_reqs": 32,
      "prompt_words": 800,
      "max_new": 256,
      "conc": 8,
      "run1_rps": 4.3029357822930265,
      "run2_rps": 4.336346588448704
    },
    "S_conc32_long": {
      "wall_s": 17.49010992050171,
      "req_per_s": 3.6592108506407914,
      "tok_per_s": 3747.0319110561704,
      "total_tok": 65536,
      "n_reqs": 64,
      "prompt_words": 200,
      "max_new": 1024,
      "conc": 32,
      "run1_rps": 3.6593354575759913,
      "run2_rps": 3.6592108506407914
    },
    "S_conc16_2k": {
      "wall_s": 32.14672017097473,
      "req_per_s": 0.995435920983715,
      "tok_per_s": 2038.6527661746484,
      "total_tok": 65536,
      "n_reqs": 32,
      "prompt_words": 200,
      "max_new": 2048,
      "conc": 16,
      "run1_rps": 1.0125616502206731,
      "run2_rps": 0.995435920983715
    },
    "S_conc64_512": {
      "wall_s": 10.36047625541687,
      "req_per_s": 12.354644404795243,
      "tok_per_s": 6325.577935255164,
      "total_tok": 65536,
      "n_reqs": 128,
      "prompt_words": 100,
      "max_new": 512,
      "conc": 64,
      "run1_rps": 12.154810918151806,
      "run2_rps": 12.354644404795243
    }
  }
}