{
  "tag": "vllm_triton",
  "results": {
    "S_tiny": {
      "wall_s": 4.5943992137908936,
      "req_per_s": 3.4825010312497877,
      "tok_per_s": 222.8800659999864,
      "total_tok": 1024,
      "n_reqs": 16,
      "prompt_words": 100,
      "max_new": 64,
      "conc": 1,
      "run1_rps": 3.486264581154922,
      "run2_rps": 3.4825010312497877
    },
    "S_batch1": {
      "wall_s": 35.33029651641846,
      "req_per_s": 0.9057382234289819,
      "tok_per_s": 231.86898519781937,
      "total_tok": 8192,
      "n_reqs": 32,
      "prompt_words": 200,
      "max_new": 256,
      "conc": 1,
      "run1_rps": 0.9057820314786247,
      "run2_rps": 0.9057382234289819
    },
    "S_conc8_mid": {
      "wall_s": 7.768813133239746,
      "req_per_s": 4.119033300348592,
      "tok_per_s": 1054.4725248892396,
      "total_tok": 8192,
      "n_reqs": 32,
      "prompt_words": 800,
      "max_new": 256,
      "conc": 8,
      "run1_rps": 4.395639826140365,
      "run2_rps": 4.119033300348592
    },
    "S_conc32_long": {
      "wall_s": 17.544002294540405,
      "req_per_s": 3.6479703391236127,
      "tok_per_s": 3735.5216272625794,
      "total_tok": 65536,
      "n_reqs": 64,
      "prompt_words": 200,
      "max_new": 1024,
      "conc": 32,
      "run1_rps": 3.48418003755071,
      "run2_rps": 3.6479703391236127
    },
    "S_conc16_2k": {
      "wall_s": 32.294222831726074,
      "req_per_s": 0.9908893044660289,
      "tok_per_s": 2029.341295546427,
      "total_tok": 65536,
      "n_reqs": 32,
      "prompt_words": 200,
      "max_new": 2048,
      "conc": 16,
      "run1_rps": 0.9943681375110985,
      "run2_rps": 0.9908893044660289
    },
    "S_conc64_512": {
      "wall_s": 12.110838651657104,
      "req_per_s": 10.56904510758105,
      "tok_per_s": 5411.351095081498,
      "total_tok": 65536,
      "n_reqs": 128,
      "prompt_words": 100,
      "max_new": 512,
      "conc": 64,
      "run1_rps": 10.276459824464192,
      "run2_rps": 10.56904510758105
    }
  }
}