{
  "low_k": 4,
  "scalars_layer_mean": {
    "0,4": 1.43141,
    "1,4": 1.43678,
    "2,4": 1.41808,
    "3,4": 1.472,
    "4,4": 1.49215,
    "5,4": 1.44049,
    "6,4": 1.4377,
    "7,4": 1.46216,
    "8,4": 1.45141,
    "9,4": 1.5042,
    "10,4": 1.46753,
    "11,4": 1.48901,
    "12,4": 1.46429,
    "13,4": 1.45479,
    "14,4": 1.43194,
    "15,4": 1.44505,
    "16,4": 1.45624,
    "17,4": 1.42808,
    "18,4": 1.43705,
    "19,4": 1.47799,
    "20,4": 1.46277,
    "21,4": 1.48886,
    "22,4": 1.4622,
    "23,4": 1.46347,
    "24,4": 1.43502,
    "25,4": 1.45919,
    "26,4": 1.4247,
    "27,4": 1.4548,
    "28,4": 1.4509,
    "29,4": 1.42222,
    "30,4": 1.42815,
    "31,4": 1.42382,
    "32,4": 1.43039,
    "33,4": 1.44955,
    "34,4": 1.41252,
    "35,4": 1.4267,
    "36,4": 1.42481,
    "37,4": 1.4488,
    "38,4": 1.40439,
    "39,4": 1.43091,
    "40,4": 1.44896,
    "41,4": 1.45261,
    "42,4": 1.43423,
    "43,4": 1.40585,
    "44,4": 1.44501,
    "45,4": 1.43468,
    "46,4": 1.44933,
    "47,4": 1.36771
  },
  "position_bin_means": {
    "0,0,4": 1.41771,
    "0,1,4": 1.44003,
    "1,0,4": 1.41561,
    "1,1,4": 1.44856,
    "2,0,4": 1.4078,
    "2,1,4": 1.42338,
    "3,0,4": 1.43575,
    "3,1,4": 1.49289,
    "4,0,4": 1.48107,
    "4,1,4": 1.49722,
    "5,0,4": 1.41648,
    "5,1,4": 1.45461,
    "6,0,4": 1.42798,
    "6,1,4": 1.44256,
    "7,0,4": 1.4551,
    "7,1,4": 1.46485,
    "8,0,4": 1.43972,
    "8,1,4": 1.45992,
    "9,0,4": 1.47345,
    "9,1,4": 1.52047,
    "10,0,4": 1.44731,
    "10,1,4": 1.48131,
    "11,0,4": 1.47284,
    "11,1,4": 1.50095,
    "12,0,4": 1.4263,
    "12,1,4": 1.48516,
    "13,0,4": 1.44154,
    "13,1,4": 1.4632,
    "14,0,4": 1.38768,
    "14,1,4": 1.45732,
    "15,0,4": 1.42811,
    "15,1,4": 1.45486,
    "16,0,4": 1.43127,
    "16,1,4": 1.46992,
    "17,0,4": 1.38591,
    "17,1,4": 1.45213,
    "18,0,4": 1.41276,
    "18,1,4": 1.45002,
    "19,0,4": 1.45227,
    "19,1,4": 1.49152,
    "20,0,4": 1.43788,
    "20,1,4": 1.47804,
    "21,0,4": 1.45605,
    "21,1,4": 1.50616,
    "22,0,4": 1.44662,
    "22,1,4": 1.47274,
    "23,0,4": 1.43374,
    "23,1,4": 1.48443,
    "24,0,4": 1.38715,
    "24,1,4": 1.4628,
    "25,0,4": 1.43049,
    "25,1,4": 1.47642,
    "26,0,4": 1.37793,
    "26,1,4": 1.45207,
    "27,0,4": 1.432,
    "27,1,4": 1.46803,
    "28,0,4": 1.42969,
    "28,1,4": 1.46326,
    "29,0,4": 1.40017,
    "29,1,4": 1.4341,
    "30,0,4": 1.39131,
    "30,1,4": 1.44859,
    "31,0,4": 1.40726,
    "31,1,4": 1.43278,
    "32,0,4": 1.39861,
    "32,1,4": 1.45079,
    "33,0,4": 1.40454,
    "33,1,4": 1.47476,
    "34,0,4": 1.39314,
    "34,1,4": 1.42725,
    "35,0,4": 1.42082,
    "35,1,4": 1.43294,
    "36,0,4": 1.39253,
    "36,1,4": 1.44349,
    "37,0,4": 1.42369,
    "37,1,4": 1.46472,
    "38,0,4": 1.36977,
    "38,1,4": 1.42519,
    "39,0,4": 1.41122,
    "39,1,4": 1.44235,
    "40,0,4": 1.43802,
    "40,1,4": 1.45662,
    "41,0,4": 1.43418,
    "41,1,4": 1.462,
    "42,0,4": 1.41638,
    "42,1,4": 1.44446,
    "43,0,4": 1.39317,
    "43,1,4": 1.41404,
    "44,0,4": 1.43006,
    "44,1,4": 1.45509,
    "45,0,4": 1.4354,
    "45,1,4": 1.4357,
    "46,0,4": 1.43476,
    "46,1,4": 1.45692,
    "47,0,4": 1.37685,
    "47,1,4": 1.35782,
    "0,2,4": 1.4364,
    "1,2,4": 1.46427,
    "2,2,4": 1.43674,
    "3,2,4": 1.50985,
    "4,2,4": 1.52043,
    "5,2,4": 1.46183,
    "6,2,4": 1.45741,
    "7,2,4": 1.48706,
    "8,2,4": 1.44119,
    "9,2,4": 1.55485,
    "10,2,4": 1.46146,
    "11,2,4": 1.47258,
    "12,2,4": 1.51687,
    "13,2,4": 1.45882,
    "14,2,4": 1.47968,
    "15,2,4": 1.46213,
    "16,2,4": 1.49148,
    "17,2,4": 1.47529,
    "18,2,4": 1.47547,
    "19,2,4": 1.52139,
    "20,2,4": 1.47688,
    "21,2,4": 1.54353,
    "22,2,4": 1.45872,
    "23,2,4": 1.44576,
    "24,2,4": 1.48255,
    "25,2,4": 1.48051,
    "26,2,4": 1.46821,
    "27,2,4": 1.47737,
    "28,2,4": 1.47119,
    "29,2,4": 1.45582,
    "30,2,4": 1.47667,
    "31,2,4": 1.4486,
    "32,2,4": 1.43712,
    "33,2,4": 1.50587,
    "34,2,4": 1.38757,
    "35,2,4": 1.39644,
    "36,2,4": 1.45743,
    "37,2,4": 1.45661,
    "38,2,4": 1.42969,
    "39,2,4": 1.4504,
    "40,2,4": 1.44315,
    "41,2,4": 1.48759,
    "42,2,4": 1.45351,
    "43,2,4": 1.40781,
    "44,2,4": 1.44181,
    "45,2,4": 1.41584,
    "46,2,4": 1.47477,
    "47,2,4": 1.41691
  },
  "quantiles": {
    "0.9": 1.61505,
    "0.95": 1.66502,
    "0.99": 1.74993
  },
  "pool_sizes": {
    "0,0": 2112,
    "0,1": 3208,
    "1,0": 2112,
    "1,1": 3208,
    "2,0": 2112,
    "2,1": 3208,
    "3,0": 2112,
    "3,1": 3208,
    "4,0": 2112,
    "4,1": 3208,
    "5,0": 2112,
    "5,1": 3208,
    "6,0": 2112,
    "6,1": 3208,
    "7,0": 2112,
    "7,1": 3208,
    "8,0": 2112,
    "8,1": 3208,
    "9,0": 2112,
    "9,1": 3208,
    "10,0": 2112,
    "10,1": 3208,
    "11,0": 2112,
    "11,1": 3208,
    "12,0": 2112,
    "12,1": 3208,
    "13,0": 2112,
    "13,1": 3208,
    "14,0": 2112,
    "14,1": 3208,
    "15,0": 2112,
    "15,1": 3208,
    "16,0": 2112,
    "16,1": 3208,
    "17,0": 2112,
    "17,1": 3208,
    "18,0": 2112,
    "18,1": 3208,
    "19,0": 2112,
    "19,1": 3208,
    "20,0": 2112,
    "20,1": 3208,
    "21,0": 2112,
    "21,1": 3208,
    "22,0": 2112,
    "22,1": 3208,
    "23,0": 2112,
    "23,1": 3208,
    "24,0": 2112,
    "24,1": 3208,
    "25,0": 2112,
    "25,1": 3208,
    "26,0": 2112,
    "26,1": 3208,
    "27,0": 2112,
    "27,1": 3208,
    "28,0": 2112,
    "28,1": 3208,
    "29,0": 2112,
    "29,1": 3208,
    "30,0": 2112,
    "30,1": 3208,
    "31,0": 2112,
    "31,1": 3208,
    "32,0": 2112,
    "32,1": 3208,
    "33,0": 2112,
    "33,1": 3208,
    "34,0": 2112,
    "34,1": 3208,
    "35,0": 2112,
    "35,1": 3208,
    "36,0": 2112,
    "36,1": 3208,
    "37,0": 2112,
    "37,1": 3208,
    "38,0": 2112,
    "38,1": 3208,
    "39,0": 2112,
    "39,1": 3208,
    "40,0": 2112,
    "40,1": 3208,
    "41,0": 2112,
    "41,1": 3208,
    "42,0": 2112,
    "42,1": 3208,
    "43,0": 2112,
    "43,1": 3208,
    "44,0": 2112,
    "44,1": 3208,
    "45,0": 2112,
    "45,1": 3208,
    "46,0": 2112,
    "46,1": 3208,
    "47,0": 2112,
    "47,1": 3208,
    "0,2": 252,
    "1,2": 252,
    "2,2": 252,
    "3,2": 252,
    "4,2": 252,
    "5,2": 252,
    "6,2": 252,
    "7,2": 252,
    "8,2": 252,
    "9,2": 252,
    "10,2": 252,
    "11,2": 252,
    "12,2": 252,
    "13,2": 252,
    "14,2": 252,
    "15,2": 252,
    "16,2": 252,
    "17,2": 252,
    "18,2": 252,
    "19,2": 252,
    "20,2": 252,
    "21,2": 252,
    "22,2": 252,
    "23,2": 252,
    "24,2": 252,
    "25,2": 252,
    "26,2": 252,
    "27,2": 252,
    "28,2": 252,
    "29,2": 252,
    "30,2": 252,
    "31,2": 252,
    "32,2": 252,
    "33,2": 252,
    "34,2": 252,
    "35,2": 252,
    "36,2": 252,
    "37,2": 252,
    "38,2": 252,
    "39,2": 252,
    "40,2": 252,
    "41,2": 252,
    "42,2": 252,
    "43,2": 252,
    "44,2": 252,
    "45,2": 252,
    "46,2": 252,
    "47,2": 252
  }
}