{
  "schema_version": 1,
  "mode": "quick",
  "passed": true,
  "completed": 320,
  "expected": 320,
  "failed_requests": 0,
  "success_rate": 1.0,
  "server_crash": false,
  "oom": false,
  "timeout": false,
  "parse_error": null,
  "raw_files": {
    "raw": "/home/t-jialianggu/work/EndtoEnd-auto-optimization/experiments/tmp/regime_scout/20260528_023213/run_0004_scheduler_overhead_high_concurrency/quick_raw.jsonl",
    "benchmark_log": "/home/t-jialianggu/work/EndtoEnd-auto-optimization/experiments/tmp/regime_scout/20260528_023213/run_0004_scheduler_overhead_high_concurrency/quick_benchmark.log",
    "server_log": "/home/t-jialianggu/work/EndtoEnd-auto-optimization/experiments/tmp/regime_scout/20260528_023213/run_0004_scheduler_overhead_high_concurrency/server.log"
  },
  "duration_s": 1.5141777759417892,
  "request_throughput": 211.33581874226508,
  "input_throughput": 13950.805734723774,
  "output_throughput": 1835.319500889858,
  "ttft_mean_ms": 167.68704646383412,
  "ttft_p50_ms": 129.33581543620676,
  "ttft_p95_ms": 434.23173365881667,
  "ttft_p99_ms": 484.96304986067116,
  "ttft_std_ms": 142.8625744842638,
  "tpot_mean_ms": 15.770421204667825,
  "tpot_p50_ms": 16.240979961973302,
  "tpot_p99_ms": 23.51209431246389,
  "itl_p50_ms": 16.220950987190008,
  "itl_p95_ms": 22.674753330647945,
  "itl_p99_ms": 24.84514547046274,
  "e2e_p50_ms": 242.61416401714087,
  "e2e_p90_ms": 549.8289725044742,
  "e2e_p99_ms": 671.6661550384016,
  "e2e_mean_ms": 288.03413667483255
}