{
  "k_targets": [
    4,
    6
  ],
  "decode_scalars": {
    "0,4": 1.157961,
    "0,6": 1.042714,
    "1,4": 1.095033,
    "1,6": 1.032193,
    "2,4": 1.087319,
    "2,6": 1.02967,
    "3,4": 1.094271,
    "3,6": 1.031054,
    "4,4": 1.101517,
    "4,6": 1.035446,
    "5,4": 1.080923,
    "5,6": 1.028337,
    "6,4": 1.105759,
    "6,6": 1.038785,
    "7,4": 1.095854,
    "7,6": 1.035792,
    "8,4": 1.093079,
    "8,6": 1.034728,
    "9,4": 1.09842,
    "9,6": 1.036164,
    "10,4": 1.110053,
    "10,6": 1.038242,
    "11,4": 1.129001,
    "11,6": 1.045433,
    "12,4": 1.108355,
    "12,6": 1.039193,
    "13,4": 1.103316,
    "13,6": 1.036197,
    "14,4": 1.101132,
    "14,6": 1.03492,
    "15,4": 1.095678,
    "15,6": 1.032193,
    "16,4": 1.095075,
    "16,6": 1.033132,
    "17,4": 1.097712,
    "17,6": 1.03431,
    "18,4": 1.124673,
    "18,6": 1.047756,
    "19,4": 1.127823,
    "19,6": 1.04932,
    "20,4": 1.121066,
    "20,6": 1.043811,
    "21,4": 1.127391,
    "21,6": 1.045786,
    "22,4": 1.141726,
    "22,6": 1.050283,
    "23,4": 1.155114,
    "23,6": 1.054604,
    "24,4": 1.135614,
    "24,6": 1.047602,
    "25,4": 1.132542,
    "25,6": 1.045839,
    "26,4": 1.131865,
    "26,6": 1.046391,
    "27,4": 1.126649,
    "27,6": 1.041705,
    "28,4": 1.111482,
    "28,6": 1.038228,
    "29,4": 1.099775,
    "29,6": 1.034952,
    "30,4": 1.119729,
    "30,6": 1.045126,
    "31,4": 1.106095,
    "31,6": 1.040859,
    "32,4": 1.096018,
    "32,6": 1.034321,
    "33,4": 1.113829,
    "33,6": 1.039961,
    "34,4": 1.121466,
    "34,6": 1.041088,
    "35,4": 1.116097,
    "35,6": 1.039718,
    "36,4": 1.120364,
    "36,6": 1.04193,
    "37,4": 1.132723,
    "37,6": 1.044409,
    "38,4": 1.113012,
    "38,6": 1.038667,
    "39,4": 1.107647,
    "39,6": 1.035278,
    "40,4": 1.096796,
    "40,6": 1.031027,
    "41,4": 1.092278,
    "41,6": 1.028138,
    "42,4": 1.10432,
    "42,6": 1.033889,
    "43,4": 1.087085,
    "43,6": 1.032102,
    "44,4": 1.092478,
    "44,6": 1.031615,
    "45,4": 1.067444,
    "45,6": 1.023974,
    "46,4": 1.085967,
    "46,6": 1.030657,
    "47,4": 1.392939,
    "47,6": 1.132789
  },
  "prefill_scalars": {
    "0,4": 1.145694,
    "0,6": 1.042356,
    "1,4": 1.015858,
    "1,6": 1.005591,
    "2,4": 1.009399,
    "2,6": 1.002454,
    "3,4": 1.015286,
    "3,6": 1.005336,
    "4,4": 1.130805,
    "4,6": 1.032171,
    "5,4": 1.084883,
    "5,6": 1.025467,
    "6,4": 1.075285,
    "6,6": 1.025519,
    "7,4": 1.08005,
    "7,6": 1.027375,
    "8,4": 1.075617,
    "8,6": 1.026693,
    "9,4": 1.111186,
    "9,6": 1.038051,
    "10,4": 1.090412,
    "10,6": 1.030499,
    "11,4": 1.09692,
    "11,6": 1.0334,
    "12,4": 1.091253,
    "12,6": 1.030089,
    "13,4": 1.08705,
    "13,6": 1.027575,
    "14,4": 1.078812,
    "14,6": 1.025313,
    "15,4": 1.07687,
    "15,6": 1.025151,
    "16,4": 1.072006,
    "16,6": 1.023235,
    "17,4": 1.08531,
    "17,6": 1.027832,
    "18,4": 1.079628,
    "18,6": 1.029255,
    "19,4": 1.091387,
    "19,6": 1.032668,
    "20,4": 1.088725,
    "20,6": 1.030706,
    "21,4": 1.089545,
    "21,6": 1.030147,
    "22,4": 1.091894,
    "22,6": 1.030561,
    "23,4": 1.098386,
    "23,6": 1.034054,
    "24,4": 1.084276,
    "24,6": 1.025785,
    "25,4": 1.090095,
    "25,6": 1.029732,
    "26,4": 1.070071,
    "26,6": 1.023733,
    "27,4": 1.084336,
    "27,6": 1.027187,
    "28,4": 1.078948,
    "28,6": 1.024264,
    "29,4": 1.074251,
    "29,6": 1.02293,
    "30,4": 1.070946,
    "30,6": 1.024416,
    "31,4": 1.052127,
    "31,6": 1.017919,
    "32,4": 1.064906,
    "32,6": 1.021667,
    "33,4": 1.066486,
    "33,6": 1.022438,
    "34,4": 1.07288,
    "34,6": 1.02376,
    "35,4": 1.071044,
    "35,6": 1.023474,
    "36,4": 1.082606,
    "36,6": 1.026768,
    "37,4": 1.084031,
    "37,6": 1.025023,
    "38,4": 1.070265,
    "38,6": 1.021601,
    "39,4": 1.074577,
    "39,6": 1.022217,
    "40,4": 1.075663,
    "40,6": 1.022889,
    "41,4": 1.082616,
    "41,6": 1.021598,
    "42,4": 1.0736,
    "42,6": 1.020955,
    "43,4": 1.059381,
    "43,6": 1.018166,
    "44,4": 1.078214,
    "44,6": 1.024832,
    "45,4": 1.06287,
    "45,6": 1.020786,
    "46,4": 1.056859,
    "46,6": 1.018507,
    "47,4": 1.30177,
    "47,6": 1.090767
  },
  "decode_bin_scalars": {
    "0,0,4": 1.150676,
    "0,1,4": 1.157902,
    "0,2,4": 1.159926,
    "0,0,6": 1.038721,
    "0,1,6": 1.043206,
    "0,2,6": 1.043544,
    "1,0,4": 1.100924,
    "1,1,4": 1.089431,
    "1,2,4": 1.096036,
    "1,0,6": 1.031479,
    "1,1,6": 1.030192,
    "1,2,6": 1.033382,
    "2,0,4": 1.083459,
    "2,1,4": 1.085786,
    "2,2,4": 1.089156,
    "2,0,6": 1.025777,
    "2,1,6": 1.028933,
    "2,2,6": 1.031132,
    "3,0,4": 1.087003,
    "3,1,4": 1.092693,
    "3,2,4": 1.097424,
    "3,0,6": 1.02529,
    "3,1,6": 1.03016,
    "3,2,6": 1.03337,
    "4,0,4": 1.099333,
    "4,1,4": 1.095899,
    "4,2,4": 1.105008,
    "4,0,6": 1.032185,
    "4,1,6": 1.033432,
    "4,2,6": 1.037412,
    "5,0,4": 1.081749,
    "5,1,4": 1.079361,
    "5,2,4": 1.08146,
    "5,0,6": 1.026612,
    "5,1,6": 1.027486,
    "5,2,6": 1.029267,
    "6,0,4": 1.084981,
    "6,1,4": 1.100067,
    "6,2,4": 1.115592,
    "6,0,6": 1.029599,
    "6,1,6": 1.036389,
    "6,2,6": 1.043016,
    "7,0,4": 1.09169,
    "7,1,4": 1.0912,
    "7,2,4": 1.099395,
    "7,0,6": 1.033512,
    "7,1,6": 1.033924,
    "7,2,6": 1.037385,
    "8,0,4": 1.074841,
    "8,1,4": 1.087306,
    "8,2,4": 1.10205,
    "8,0,6": 1.026959,
    "8,1,6": 1.032329,
    "8,2,6": 1.038475,
    "9,0,4": 1.099019,
    "9,1,4": 1.099888,
    "9,2,4": 1.097541,
    "9,0,6": 1.036178,
    "9,1,6": 1.035977,
    "9,2,6": 1.036251,
    "10,0,4": 1.095893,
    "10,1,4": 1.105153,
    "10,2,4": 1.116596,
    "10,0,6": 1.032748,
    "10,1,6": 1.036192,
    "10,2,6": 1.040833,
    "11,0,4": 1.116237,
    "11,1,4": 1.131198,
    "11,2,4": 1.131703,
    "11,0,6": 1.039936,
    "11,1,6": 1.045685,
    "11,2,6": 1.046926,
    "12,0,4": 1.118425,
    "12,1,4": 1.116967,
    "12,2,4": 1.101984,
    "12,0,6": 1.039817,
    "12,1,6": 1.0415,
    "12,2,6": 1.037978,
    "13,0,4": 1.103283,
    "13,1,4": 1.100516,
    "13,2,4": 1.10473,
    "13,0,6": 1.035819,
    "13,1,6": 1.034881,
    "13,2,6": 1.036959,
    "14,0,4": 1.110688,
    "14,1,4": 1.103261,
    "14,2,4": 1.097697,
    "14,0,6": 1.03659,
    "14,1,6": 1.035029,
    "14,2,6": 1.034439,
    "15,0,4": 1.089889,
    "15,1,4": 1.090235,
    "15,2,4": 1.100037,
    "15,0,6": 1.028631,
    "15,1,6": 1.029918,
    "15,2,6": 1.034326,
    "16,0,4": 1.087569,
    "16,1,4": 1.093127,
    "16,2,4": 1.098005,
    "16,0,6": 1.029126,
    "16,1,6": 1.032027,
    "16,2,6": 1.034722,
    "17,0,4": 1.086977,
    "17,1,4": 1.095976,
    "17,2,4": 1.101336,
    "17,0,6": 1.029594,
    "17,1,6": 1.033411,
    "17,2,6": 1.035958,
    "18,0,4": 1.097335,
    "18,1,4": 1.126225,
    "18,2,4": 1.131805,
    "18,0,6": 1.036686,
    "18,1,6": 1.048256,
    "18,2,6": 1.050651,
    "19,0,4": 1.117429,
    "19,1,4": 1.120287,
    "19,2,4": 1.134271,
    "19,0,6": 1.045219,
    "19,1,6": 1.046052,
    "19,2,6": 1.051987,
    "20,0,4": 1.103466,
    "20,1,4": 1.11277,
    "20,2,4": 1.129939,
    "20,0,6": 1.035586,
    "20,1,6": 1.040244,
    "20,2,6": 1.047764,
    "21,0,4": 1.103904,
    "21,1,4": 1.123902,
    "21,2,4": 1.136262,
    "21,0,6": 1.037162,
    "21,1,6": 1.044708,
    "21,2,6": 1.048893,
    "22,0,4": 1.119442,
    "22,1,4": 1.132348,
    "22,2,4": 1.153068,
    "22,0,6": 1.042246,
    "22,1,6": 1.046197,
    "22,2,6": 1.054671,
    "23,0,4": 1.144849,
    "23,1,4": 1.154305,
    "23,2,4": 1.158148,
    "23,0,6": 1.049812,
    "23,1,6": 1.053895,
    "23,2,6": 1.05617,
    "24,0,4": 1.141106,
    "24,1,4": 1.139875,
    "24,2,4": 1.132434,
    "24,0,6": 1.048254,
    "24,1,6": 1.04872,
    "24,2,6": 1.046951,
    "25,0,4": 1.120433,
    "25,1,4": 1.129079,
    "25,2,4": 1.137313,
    "25,0,6": 1.040249,
    "25,1,6": 1.044011,
    "25,2,6": 1.048139,
    "26,0,4": 1.112598,
    "26,1,4": 1.125181,