{
  "decode_scalars": {
    "0,4": 1.157961,
    "0,6": 1.042714,
    "1,4": 1.095033,
    "1,6": 1.032193,
    "2,4": 1.087319,
    "2,6": 1.02967,
    "3,4": 1.094271,
    "3,6": 1.031054,
    "4,4": 1.101517,
    "4,6": 1.035446,
    "5,4": 1.080923,
    "5,6": 1.028337,
    "6,4": 1.105759,
    "6,6": 1.038785,
    "7,4": 1.095854,
    "7,6": 1.035792,
    "8,4": 1.093079,
    "8,6": 1.034728,
    "9,4": 1.09842,
    "9,6": 1.036164,
    "10,4": 1.110053,
    "10,6": 1.038242,
    "11,4": 1.129001,
    "11,6": 1.045433,
    "12,4": 1.108355,
    "12,6": 1.039193,
    "13,4": 1.103316,
    "13,6": 1.036197,
    "14,4": 1.101132,
    "14,6": 1.03492,
    "15,4": 1.095678,
    "15,6": 1.032193,
    "16,4": 1.095075,
    "16,6": 1.033132,
    "17,4": 1.097712,
    "17,6": 1.03431,
    "18,4": 1.124673,
    "18,6": 1.047756,
    "19,4": 1.127823,
    "19,6": 1.04932,
    "20,4": 1.121066,
    "20,6": 1.043811,
    "21,4": 1.127391,
    "21,6": 1.045786,
    "22,4": 1.141726,
    "22,6": 1.050283,
    "23,4": 1.155114,
    "23,6": 1.054604,
    "24,4": 1.135614,
    "24,6": 1.047602,
    "25,4": 1.132542,
    "25,6": 1.045839,
    "26,4": 1.131865,
    "26,6": 1.046391,
    "27,4": 1.126649,
    "27,6": 1.041705,
    "28,4": 1.111482,
    "28,6": 1.038228,
    "29,4": 1.099775,
    "29,6": 1.034952,
    "30,4": 1.119729,
    "30,6": 1.045126,
    "31,4": 1.106095,
    "31,6": 1.040859,
    "32,4": 1.096018,
    "32,6": 1.034321,
    "33,4": 1.113829,
    "33,6": 1.039961,
    "34,4": 1.121466,
    "34,6": 1.041088,
    "35,4": 1.116097,
    "35,6": 1.039718,
    "36,4": 1.120364,
    "36,6": 1.04193,
    "37,4": 1.132723,
    "37,6": 1.044409,
    "38,4": 1.113012,
    "38,6": 1.038667,
    "39,4": 1.107647,
    "39,6": 1.035278,
    "40,4": 1.096796,
    "40,6": 1.031027,
    "41,4": 1.092278,
    "41,6": 1.028138,
    "42,4": 1.10432,
    "42,6": 1.033889,
    "43,4": 1.087085,
    "43,6": 1.032102,
    "44,4": 1.092478,
    "44,6": 1.031615,
    "45,4": 1.067444,
    "45,6": 1.023974,
    "46,4": 1.085967,
    "46,6": 1.030657,
    "47,4": 1.392939,
    "47,6": 1.132789
  }
}