{
  "prefill_scalars": {
    "0,4": 1.145694,
    "0,6": 1.042356,
    "1,4": 1.015858,
    "1,6": 1.005591,
    "2,4": 1.009399,
    "2,6": 1.002454,
    "3,4": 1.015286,
    "3,6": 1.005336,
    "4,4": 1.130805,
    "4,6": 1.032171,
    "5,4": 1.084883,
    "5,6": 1.025467,
    "6,4": 1.075285,
    "6,6": 1.025519,
    "7,4": 1.08005,
    "7,6": 1.027375,
    "8,4": 1.075617,
    "8,6": 1.026693,
    "9,4": 1.111186,
    "9,6": 1.038051,
    "10,4": 1.090412,
    "10,6": 1.030499,
    "11,4": 1.09692,
    "11,6": 1.0334,
    "12,4": 1.091253,
    "12,6": 1.030089,
    "13,4": 1.08705,
    "13,6": 1.027575,
    "14,4": 1.078812,
    "14,6": 1.025313,
    "15,4": 1.07687,
    "15,6": 1.025151,
    "16,4": 1.072006,
    "16,6": 1.023235,
    "17,4": 1.08531,
    "17,6": 1.027832,
    "18,4": 1.079628,
    "18,6": 1.029255,
    "19,4": 1.091387,
    "19,6": 1.032668,
    "20,4": 1.088725,
    "20,6": 1.030706,
    "21,4": 1.089545,
    "21,6": 1.030147,
    "22,4": 1.091894,
    "22,6": 1.030561,
    "23,4": 1.098386,
    "23,6": 1.034054,
    "24,4": 1.084276,
    "24,6": 1.025785,
    "25,4": 1.090095,
    "25,6": 1.029732,
    "26,4": 1.070071,
    "26,6": 1.023733,
    "27,4": 1.084336,
    "27,6": 1.027187,
    "28,4": 1.078948,
    "28,6": 1.024264,
    "29,4": 1.074251,
    "29,6": 1.02293,
    "30,4": 1.070946,
    "30,6": 1.024416,
    "31,4": 1.052127,
    "31,6": 1.017919,
    "32,4": 1.064906,
    "32,6": 1.021667,
    "33,4": 1.066486,
    "33,6": 1.022438,
    "34,4": 1.07288,
    "34,6": 1.02376,
    "35,4": 1.071044,
    "35,6": 1.023474,
    "36,4": 1.082606,
    "36,6": 1.026768,
    "37,4": 1.084031,
    "37,6": 1.025023,
    "38,4": 1.070265,
    "38,6": 1.021601,
    "39,4": 1.074577,
    "39,6": 1.022217,
    "40,4": 1.075663,
    "40,6": 1.022889,
    "41,4": 1.082616,
    "41,6": 1.021598,
    "42,4": 1.0736,
    "42,6": 1.020955,
    "43,4": 1.059381,
    "43,6": 1.018166,
    "44,4": 1.078214,
    "44,6": 1.024832,
    "45,4": 1.06287,
    "45,6": 1.020786,
    "46,4": 1.056859,
    "46,6": 1.018507,
    "47,4": 1.30177,
    "47,6": 1.090767
  }
}