{
  "schema_version": 1,
  "mode": "quick",
  "passed": true,
  "completed": 128,
  "expected": 128,
  "failed_requests": 0,
  "success_rate": 1.0,
  "server_crash": false,
  "oom": false,
  "timeout": false,
  "parse_error": null,
  "raw_files": {
    "raw": "/home/t-jialianggu/work/EndtoEnd-auto-optimization/experiments/problems_moe/P001/attempts/attempt_003/verification/target/quick_raw.jsonl",
    "benchmark_log": "/home/t-jialianggu/work/EndtoEnd-auto-optimization/experiments/problems_moe/P001/attempts/attempt_003/verification/target/quick_benchmark.log",
    "server_log": "/home/t-jialianggu/work/EndtoEnd-auto-optimization/experiments/problems_moe/P001/attempts/attempt_003/verification/target/server.log"
  },
  "duration_s": 0.9806437550578266,
  "request_throughput": 130.52650296279313,
  "input_throughput": 9149.092067048281,
  "output_throughput": 1024.8369959188055,
  "ttft_mean_ms": 128.4734710770863,
  "ttft_p50_ms": 135.3504795115441,
  "ttft_p95_ms": 161.65629966417328,
  "ttft_p99_ms": 162.98397422302517,
  "ttft_std_ms": 33.15201105237016,
  "tpot_mean_ms": 43.63762763874073,
  "tpot_p50_ms": 48.14728336253514,
  "tpot_p99_ms": 74.19131940742955,
  "itl_p50_ms": 20.056493114680052,
  "itl_p95_ms": 170.59881770983338,
  "itl_p99_ms": 170.7593825738877,
  "e2e_p50_ms": 359.7388124326244,
  "e2e_p90_ms": 807.9414395149797,
  "e2e_p99_ms": 875.6660422403367,
  "e2e_mean_ms": 428.65352597618767
}