{
  "low_k": 4,
  "scalars_layer_mean": {
    "0,4": 1.46389,
    "1,4": 1.52423,
    "2,4": 1.50685,
    "3,4": 1.56836,
    "4,4": 1.56444,
    "5,4": 1.53469,
    "6,4": 1.56672,
    "7,4": 1.55557,
    "8,4": 1.57124,
    "9,4": 1.56771,
    "10,4": 1.57264,
    "11,4": 1.59806,
    "12,4": 1.55894,
    "13,4": 1.55323,
    "14,4": 1.51344,
    "15,4": 1.53942,
    "16,4": 1.53898,
    "17,4": 1.53851,
    "18,4": 1.56146,
    "19,4": 1.58138,
    "20,4": 1.56488,
    "21,4": 1.59463,
    "22,4": 1.60017,
    "23,4": 1.60555,
    "24,4": 1.60289,
    "25,4": 1.57915,
    "26,4": 1.59443,
    "27,4": 1.58191,
    "28,4": 1.56547,
    "29,4": 1.52358,
    "30,4": 1.56269,
    "31,4": 1.554,
    "32,4": 1.54913,
    "33,4": 1.56843,
    "34,4": 1.55574,
    "35,4": 1.55764,
    "36,4": 1.57202,
    "37,4": 1.55886,
    "38,4": 1.54964,
    "39,4": 1.54063,
    "40,4": 1.54876,
    "41,4": 1.53593,
    "42,4": 1.55246,
    "43,4": 1.56941,
    "44,4": 1.55451,
    "45,4": 1.59027,
    "46,4": 1.56956,
    "47,4": 1.5198
  },
  "position_bin_means": {
    "0,0,4": 1.44399,
    "0,1,4": 1.46106,
    "0,2,4": 1.46955,
    "1,0,4": 1.47632,
    "1,1,4": 1.50897,
    "1,2,4": 1.54151,
    "2,0,4": 1.44671,
    "2,1,4": 1.49175,
    "2,2,4": 1.5268,
    "3,0,4": 1.49298,
    "3,1,4": 1.55151,
    "3,2,4": 1.59248,
    "4,0,4": 1.5072,
    "4,1,4": 1.54865,
    "4,2,4": 1.58404,
    "5,0,4": 1.46672,
    "5,1,4": 1.51949,
    "5,2,4": 1.55644,
    "6,0,4": 1.48842,
    "6,1,4": 1.54935,
    "6,2,4": 1.59171,
    "7,0,4": 1.50706,
    "7,1,4": 1.53971,
    "7,2,4": 1.57326,
    "8,0,4": 1.48014,
    "8,1,4": 1.55291,
    "8,2,4": 1.59949,
    "9,0,4": 1.52995,
    "9,1,4": 1.56082,
    "9,2,4": 1.57911,
    "10,0,4": 1.50524,
    "10,1,4": 1.55964,
    "10,2,4": 1.5933,
    "11,0,4": 1.54429,
    "11,1,4": 1.59459,
    "11,2,4": 1.61156,
    "12,0,4": 1.53996,
    "12,1,4": 1.56928,
    "12,2,4": 1.55869,
    "13,0,4": 1.5104,
    "13,1,4": 1.53612,
    "13,2,4": 1.57019,
    "14,0,4": 1.49894,
    "14,1,4": 1.50415,
    "14,2,4": 1.52069,
    "15,0,4": 1.48651,
    "15,1,4": 1.52458,
    "15,2,4": 1.55765,
    "16,0,4": 1.48442,
    "16,1,4": 1.52664,
    "16,2,4": 1.55649,
    "17,0,4": 1.49133,
    "17,1,4": 1.52847,
    "17,2,4": 1.55337,
    "18,0,4": 1.50703,
    "18,1,4": 1.56361,
    "18,2,4": 1.57267,
    "19,0,4": 1.54735,
    "19,1,4": 1.56567,
    "19,2,4": 1.59578,
    "20,0,4": 1.5229,
    "20,1,4": 1.55205,
    "20,2,4": 1.57979,
    "21,0,4": 1.54841,
    "21,1,4": 1.5886,
    "21,2,4": 1.60755,
    "22,0,4": 1.52989,
    "22,1,4": 1.5832,
    "22,2,4": 1.6232,
    "23,0,4": 1.56941,
    "23,1,4": 1.59535,
    "23,2,4": 1.61802,
    "24,0,4": 1.56487,
    "24,1,4": 1.59973,
    "24,2,4": 1.61273,
    "25,0,4": 1.52926,
    "25,1,4": 1.57409,
    "25,2,4": 1.59248,
    "26,0,4": 1.5433,
    "26,1,4": 1.58297,
    "26,2,4": 1.6108,
    "27,0,4": 1.52929,
    "27,1,4": 1.56938,
    "27,2,4": 1.59906,
    "28,0,4": 1.52993,
    "28,1,4": 1.54945,
    "28,2,4": 1.58033,
    "29,0,4": 1.49215,
    "29,1,4": 1.51148,
    "29,2,4": 1.53583,
    "30,0,4": 1.50597,
    "30,1,4": 1.55583,
    "30,2,4": 1.57831,
    "31,0,4": 1.53761,
    "31,1,4": 1.53606,
    "31,2,4": 1.56542,
    "32,0,4": 1.50832,
    "32,1,4": 1.53757,
    "32,2,4": 1.56324,
    "33,0,4": 1.5365,
    "33,1,4": 1.56098,
    "33,2,4": 1.57878,
    "34,0,4": 1.55578,
    "34,1,4": 1.54145,
    "34,2,4": 1.56192,
    "35,0,4": 1.52542,
    "35,1,4": 1.54729,
    "35,2,4": 1.56931,
    "36,0,4": 1.5524,
    "36,1,4": 1.56732,
    "36,2,4": 1.57844,
    "37,0,4": 1.51939,
    "37,1,4": 1.54595,
    "37,2,4": 1.57325,
    "38,0,4": 1.51481,
    "38,1,4": 1.53699,
    "38,2,4": 1.56288,
    "39,0,4": 1.49792,
    "39,1,4": 1.53094,
    "39,2,4": 1.55435,
    "40,0,4": 1.50653,
    "40,1,4": 1.53502,
    "40,2,4": 1.56412,
    "41,0,4": 1.4738,
    "41,1,4": 1.51807,
    "41,2,4": 1.55751,
    "42,0,4": 1.49143,
    "42,1,4": 1.53588,
    "42,2,4": 1.57325,
    "43,0,4": 1.50132,
    "43,1,4": 1.55504,
    "43,2,4": 1.59082,
    "44,0,4": 1.51446,
    "44,1,4": 1.55099,
    "44,2,4": 1.56498,
    "45,0,4": 1.53347,
    "45,1,4": 1.57618,
    "45,2,4": 1.60903,
    "46,0,4": 1.52284,
    "46,1,4": 1.55805,
    "46,2,4": 1.58497,
    "47,0,4": 1.46739,
    "47,1,4": 1.50624,
    "47,2,4": 1.53735
  },
  "quantiles": {
    "0.9": 1.73478,
    "0.95": 1.78147,
    "0.99": 1.85305
  },
  "pool_sizes": {
    "0,0": 2112,
    "0,1": 4096,
    "0,2": 9466,
    "1,0": 2112,
    "1,1": 4096,
    "1,2": 9466,
    "2,0": 2112,
    "2,1": 4096,
    "2,2": 9466,
    "3,0": 2112,
    "3,1": 4096,
    "3,2": 9466,
    "4,0": 2112,
    "4,1": 4096,
    "4,2": 9466,
    "5,0": 2112,
    "5,1": 4096,
    "5,2": 9466,
    "6,0": 2112,
    "6,1": 4096,
    "6,2": 9466,
    "7,0": 2112,
    "7,1": 4096,
    "7,2": 9466,
    "8,0": 2112,
    "8,1": 4096,
    "8,2": 9466,
    "9,0": 2112,
    "9,1": 4096,
    "9,2": 9466,
    "10,0": 2112,
    "10,1": 4096,
    "10,2": 9466,
    "11,0": 2112,
    "11,1": 4096,
    "11,2": 9466,
    "12,0": 2112,
    "12,1": 4096,
    "12,2": 9466,
    "13,0": 2112,
    "13,1": 4096,
    "13,2": 9466,
    "14,0": 2112,
    "14,1": 4096,
    "14,2": 9466,
    "15,0": 2112,
    "15,1": 4096,
    "15,2": 9466,
    "16,0": 2112,
    "16,1": 4096,
    "16,2": 9466,
    "17,0": 2112,
    "17,1": 4096,
    "17,2": 9466,
    "18,0": 2112,
    "18,1": 4096,
    "18,2": 9466,
    "19,0": 2112,
    "19,1": 4096,
    "19,2": 9466,
    "20,0": 2112,
    "20,1": 4096,
    "20,2": 9466,
    "21,0": 2112,
    "21,1": 4096,
    "21,2": 9466,
    "22,0": 2112,
    "22,1": 4096,
    "22,2": 9466,
    "23,0": 2112,
    "23,1": 4096,
    "23,2": 9466,
    "24,0": 2112,
    "24,1": 4096,
    "24,2": 9466,
    "25,0": 2112,
    "25,1": 4096,
    "25,2": 9466,
    "26,0": 2112,
    "26,1": 4096,
    "26,2": 9466,
    "27,0": 2112,
    "27,1": 4096,
    "27,2": 9466,
    "28,0": 2112,
    "28,1": 4096,
    "28,2": 9466,
    "29,0": 2112,
    "29,1": 4096,
    "29,2": 9466,
    "30,0": 2112,
    "30,1": 4096,
    "30,2": 9466,
    "31,0": 2112,
    "31,1": 4096,
    "31,2": 9466,
    "32,0": 2112,
    "32,1": 4096,
    "32,2": 9466,
    "33,0": 2112,
    "33,1": 4096,
    "33,2": 9466,
    "34,0": 2112,
    "34,1": 4096,
    "34,2": 9466,
    "35,0": 2112,
    "35,1": 4096,
    "35,2": 9466,
    "36,0": 2112,
    "36,1": 4096,
    "36,2": 9466,
    "37,0": 2112,
    "37,1": 4096,
    "37,2": 9466,
    "38,0": 2112,
    "38,1": 4096,
    "38,2": 9466,
    "39,0": 2112,
    "39,1": 4096,
    "39,2": 9466,
    "40,0": 2112,
    "40,1": 4096,
    "40,2": 9466,
    "41,0": 2112,
    "41,1": 4096,
    "41,2": 9466,
    "42,0": 2112,
    "42,1": 4096,
    "42,2": 9466,
    "43,0": 2112,
    "43,1": 4096,
    "43,2": 9466,
    "44,0": 2112,
    "44,1": 4096,
    "44,2": 9466,
    "45,0": 2112,
    "45,1": 4096,
    "45,2": 9466,
    "46,0": 2112,
    "46,1": 4096,
    "46,2": 9466,
    "47,0": 2112,
    "47,1": 4096,
    "47,2": 9466
  }
}