{
  "low_k": 4,
  "scalars_layer_mean": {
    "0,4": 1.46524,
    "1,4": 1.52539,
    "2,4": 1.50911,
    "3,4": 1.56917,
    "4,4": 1.5649,
    "5,4": 1.53625,
    "6,4": 1.56847,
    "7,4": 1.5558,
    "8,4": 1.57036,
    "9,4": 1.56708,
    "10,4": 1.57162,
    "11,4": 1.59926,
    "12,4": 1.56063,
    "13,4": 1.55261,
    "14,4": 1.51361,
    "15,4": 1.53691,
    "16,4": 1.53959,
    "17,4": 1.5401,
    "18,4": 1.56199,
    "19,4": 1.58111,
    "20,4": 1.56263,
    "21,4": 1.59211,
    "22,4": 1.59781,
    "23,4": 1.60486,
    "24,4": 1.60208,
    "25,4": 1.57831,
    "26,4": 1.595,
    "27,4": 1.58039,
    "28,4": 1.56641,
    "29,4": 1.52552,
    "30,4": 1.56282,
    "31,4": 1.55575,
    "32,4": 1.54706,
    "33,4": 1.56761,
    "34,4": 1.55457,
    "35,4": 1.5577,
    "36,4": 1.57188,
    "37,4": 1.55786,
    "38,4": 1.54993,
    "39,4": 1.53909,
    "40,4": 1.54902,
    "41,4": 1.53676,
    "42,4": 1.55308,
    "43,4": 1.57298,
    "44,4": 1.55397,
    "45,4": 1.59174,
    "46,4": 1.56961,
    "47,4": 1.5199
  },
  "position_bin_means": {
    "0,0,4": 1.4424,
    "0,1,4": 1.46255,
    "0,2,4": 1.47167,
    "1,0,4": 1.47598,
    "1,1,4": 1.5095,
    "1,2,4": 1.5438,
    "2,0,4": 1.44584,
    "2,1,4": 1.49316,
    "2,2,4": 1.53072,
    "3,0,4": 1.49619,
    "3,1,4": 1.55256,
    "3,2,4": 1.59332,
    "4,0,4": 1.50762,
    "4,1,4": 1.54773,
    "4,2,4": 1.58569,
    "5,0,4": 1.46851,
    "5,1,4": 1.52022,
    "5,2,4": 1.55893,
    "6,0,4": 1.49316,
    "6,1,4": 1.54961,
    "6,2,4": 1.59415,
    "7,0,4": 1.50596,
    "7,1,4": 1.54108,
    "7,2,4": 1.57378,
    "8,0,4": 1.47934,
    "8,1,4": 1.55273,
    "8,2,4": 1.5991,
    "9,0,4": 1.52766,
    "9,1,4": 1.56119,
    "9,2,4": 1.57874,
    "10,0,4": 1.50353,
    "10,1,4": 1.55732,
    "10,2,4": 1.59361,
    "11,0,4": 1.54426,
    "11,1,4": 1.5958,
    "11,2,4": 1.61341,
    "12,0,4": 1.54143,
    "12,1,4": 1.57005,
    "12,2,4": 1.56083,
    "13,0,4": 1.51004,
    "13,1,4": 1.53646,
    "13,2,4": 1.56957,
    "14,0,4": 1.49984,
    "14,1,4": 1.50454,
    "14,2,4": 1.5208,
    "15,0,4": 1.48427,
    "15,1,4": 1.52059,
    "15,2,4": 1.55626,
    "16,0,4": 1.48484,
    "16,1,4": 1.52646,
    "16,2,4": 1.558,
    "17,0,4": 1.48944,
    "17,1,4": 1.53004,
    "17,2,4": 1.5562,
    "18,0,4": 1.50939,
    "18,1,4": 1.56431,
    "18,2,4": 1.57303,
    "19,0,4": 1.54827,
    "19,1,4": 1.56865,
    "19,2,4": 1.59419,
    "20,0,4": 1.52316,
    "20,1,4": 1.55193,
    "20,2,4": 1.57645,
    "21,0,4": 1.54564,
    "21,1,4": 1.58807,
    "21,2,4": 1.60458,
    "22,0,4": 1.52936,
    "22,1,4": 1.58278,
    "22,2,4": 1.6202,
    "23,0,4": 1.56636,
    "23,1,4": 1.59639,
    "23,2,4": 1.61747,
    "24,0,4": 1.56489,
    "24,1,4": 1.6003,
    "24,2,4": 1.61142,
    "25,0,4": 1.52894,
    "25,1,4": 1.5716,
    "25,2,4": 1.59263,
    "26,0,4": 1.54287,
    "26,1,4": 1.58389,
    "26,2,4": 1.61191,
    "27,0,4": 1.52769,
    "27,1,4": 1.566,
    "27,2,4": 1.59888,
    "28,0,4": 1.53187,
    "28,1,4": 1.5489,
    "28,2,4": 1.58213,
    "29,0,4": 1.49149,
    "29,1,4": 1.51363,
    "29,2,4": 1.53863,
    "30,0,4": 1.50707,
    "30,1,4": 1.55598,
    "30,2,4": 1.57866,
    "31,0,4": 1.53752,
    "31,1,4": 1.54016,
    "31,2,4": 1.56687,
    "32,0,4": 1.50731,
    "32,1,4": 1.53736,
    "32,2,4": 1.5605,
    "33,0,4": 1.5349,
    "33,1,4": 1.55924,
    "33,2,4": 1.57884,
    "34,0,4": 1.55515,
    "34,1,4": 1.54197,
    "34,2,4": 1.56005,
    "35,0,4": 1.52708,
    "35,1,4": 1.54856,
    "35,2,4": 1.56879,
    "36,0,4": 1.55045,
    "36,1,4": 1.56687,
    "36,2,4": 1.57903,
    "37,0,4": 1.51932,
    "37,1,4": 1.54477,
    "37,2,4": 1.57253,
    "38,0,4": 1.51484,
    "38,1,4": 1.53821,
    "38,2,4": 1.5632,
    "39,0,4": 1.49518,
    "39,1,4": 1.52876,
    "39,2,4": 1.55376,
    "40,0,4": 1.50568,
    "40,1,4": 1.53401,
    "40,2,4": 1.56564,
    "41,0,4": 1.47208,
    "41,1,4": 1.51901,
    "41,2,4": 1.5595,
    "42,0,4": 1.49154,
    "42,1,4": 1.53522,
    "42,2,4": 1.57516,
    "43,0,4": 1.50547,
    "43,1,4": 1.55801,
    "43,2,4": 1.59513,
    "44,0,4": 1.51317,
    "44,1,4": 1.54911,
    "44,2,4": 1.5655,
    "45,0,4": 1.53115,
    "45,1,4": 1.57581,
    "45,2,4": 1.61274,
    "46,0,4": 1.52213,
    "46,1,4": 1.55874,
    "46,2,4": 1.58534,
    "47,0,4": 1.46704,
    "47,1,4": 1.50354,
    "47,2,4": 1.53931
  },
  "quantiles": {
    "0.9": 1.73504,
    "0.95": 1.78182,
    "0.99": 1.8533
  },
  "pool_sizes": {
    "0,0": 4224,
    "0,1": 8192,
    "0,2": 18407,
    "1,0": 4224,
    "1,1": 8192,
    "1,2": 18407,
    "2,0": 4224,
    "2,1": 8192,
    "2,2": 18407,
    "3,0": 4224,
    "3,1": 8192,
    "3,2": 18407,
    "4,0": 4224,
    "4,1": 8192,
    "4,2": 18407,
    "5,0": 4224,
    "5,1": 8192,
    "5,2": 18407,
    "6,0": 4224,
    "6,1": 8192,
    "6,2": 18407,
    "7,0": 4224,
    "7,1": 8192,
    "7,2": 18407,
    "8,0": 4224,
    "8,1": 8192,
    "8,2": 18407,
    "9,0": 4224,
    "9,1": 8192,
    "9,2": 18407,
    "10,0": 4224,
    "10,1": 8192,
    "10,2": 18407,
    "11,0": 4224,
    "11,1": 8192,
    "11,2": 18407,
    "12,0": 4224,
    "12,1": 8192,
    "12,2": 18407,
    "13,0": 4224,
    "13,1": 8192,
    "13,2": 18407,
    "14,0": 4224,
    "14,1": 8192,
    "14,2": 18407,
    "15,0": 4224,
    "15,1": 8192,
    "15,2": 18407,
    "16,0": 4224,
    "16,1": 8192,
    "16,2": 18407,
    "17,0": 4224,
    "17,1": 8192,
    "17,2": 18407,
    "18,0": 4224,
    "18,1": 8192,
    "18,2": 18407,
    "19,0": 4224,
    "19,1": 8192,
    "19,2": 18407,
    "20,0": 4224,
    "20,1": 8192,
    "20,2": 18407,
    "21,0": 4224,
    "21,1": 8192,
    "21,2": 18407,
    "22,0": 4224,
    "22,1": 8192,
    "22,2": 18407,
    "23,0": 4224,
    "23,1": 8192,
    "23,2": 18407,
    "24,0": 4224,
    "24,1": 8192,
    "24,2": 18407,
    "25,0": 4224,
    "25,1": 8192,
    "25,2": 18407,
    "26,0": 4224,
    "26,1": 8192,
    "26,2": 18407,
    "27,0": 4224,
    "27,1": 8192,
    "27,2": 18407,
    "28,0": 4224,
    "28,1": 8192,
    "28,2": 18407,
    "29,0": 4224,
    "29,1": 8192,
    "29,2": 18407,
    "30,0": 4224,
    "30,1": 8192,
    "30,2": 18407,
    "31,0": 4224,
    "31,1": 8192,
    "31,2": 18407,
    "32,0": 4224,
    "32,1": 8192,
    "32,2": 18407,
    "33,0": 4224,
    "33,1": 8192,
    "33,2": 18407,
    "34,0": 4224,
    "34,1": 8192,
    "34,2": 18407,
    "35,0": 4224,
    "35,1": 8192,
    "35,2": 18407,
    "36,0": 4224,
    "36,1": 8192,
    "36,2": 18407,
    "37,0": 4224,
    "37,1": 8192,
    "37,2": 18407,
    "38,0": 4224,
    "38,1": 8192,
    "38,2": 18407,
    "39,0": 4224,
    "39,1": 8192,
    "39,2": 18407,
    "40,0": 4224,
    "40,1": 8192,
    "40,2": 18407,
    "41,0": 4224,
    "41,1": 8192,
    "41,2": 18407,
    "42,0": 4224,
    "42,1": 8192,
    "42,2": 18407,
    "43,0": 4224,
    "43,1": 8192,
    "43,2": 18407,
    "44,0": 4224,
    "44,1": 8192,
    "44,2": 18407,
    "45,0": 4224,
    "45,1": 8192,
    "45,2": 18407,
    "46,0": 4224,
    "46,1": 8192,
    "46,2": 18407,
    "47,0": 4224,
    "47,1": 8192,
    "47,2": 18407
  }
}