{
  "schema_version": 1,
  "mode": "quick",
  "passed": true,
  "completed": 64,
  "expected": 64,
  "failed_requests": 0,
  "success_rate": 1.0,
  "server_crash": false,
  "oom": false,
  "timeout": false,
  "parse_error": null,
  "raw_files": {
    "raw": "/home/t-jialianggu/work/EndtoEnd-auto-optimization/experiments/problems_moe/P001/attempts/attempt_001/verification/neighbors/scheduler_overhead_high_concurrency__con_16/quick_raw.jsonl",
    "benchmark_log": "/home/t-jialianggu/work/EndtoEnd-auto-optimization/experiments/problems_moe/P001/attempts/attempt_001/verification/neighbors/scheduler_overhead_high_concurrency__con_16/quick_benchmark.log",
    "server_log": "/home/t-jialianggu/work/EndtoEnd-auto-optimization/experiments/problems_moe/P001/attempts/attempt_001/verification/neighbors/scheduler_overhead_high_concurrency__con_16/server.log"
  },
  "duration_s": 1.4275172930210829,
  "request_throughput": 44.83308210197268,
  "input_throughput": 3167.737457267507,
  "output_throughput": 393.6905022079476,
  "ttft_mean_ms": 99.71121911439695,
  "ttft_p50_ms": 95.97556386142969,
  "ttft_p95_ms": 142.54227825440466,
  "ttft_p99_ms": 143.04476545425132,
  "ttft_std_ms": 28.895886551676828,
  "tpot_mean_ms": 29.52333505333594,
  "tpot_p50_ms": 31.520168054460854,
  "tpot_p99_ms": 53.51120968407487,
  "itl_p50_ms": 12.56736263167113,
  "itl_p95_ms": 81.25003683380783,
  "itl_p99_ms": 92.81356214545667,
  "e2e_p50_ms": 303.1553865876049,
  "e2e_p90_ms": 582.6845249859617,
  "e2e_p99_ms": 657.9344449215569,
  "e2e_mean_ms": 339.4777499634074
}