{
  "schema_version": 1,
  "mode": "quick",
  "passed": true,
  "completed": 8,
  "expected": 8,
  "failed_requests": 0,
  "success_rate": 1.0,
  "server_crash": false,
  "oom": false,
  "timeout": false,
  "parse_error": null,
  "raw_files": {
    "raw": "/home/t-jialianggu/work/EndtoEnd-auto-optimization/experiments/problems_moe/P001/attempts/attempt_003/verification/controls/prefill_long/quick_raw.jsonl",
    "benchmark_log": "/home/t-jialianggu/work/EndtoEnd-auto-optimization/experiments/problems_moe/P001/attempts/attempt_003/verification/controls/prefill_long/quick_benchmark.log",
    "server_log": "/home/t-jialianggu/work/EndtoEnd-auto-optimization/experiments/problems_moe/P001/attempts/attempt_003/verification/controls/prefill_long/server.log"
  },
  "duration_s": 0.9725476780440658,
  "request_throughput": 8.225817798556836,
  "input_throughput": 30589.759938383235,
  "output_throughput": 91.5122230089448,
  "ttft_mean_ms": 141.44076596130617,
  "ttft_p50_ms": 157.8050929820165,
  "ttft_p95_ms": 188.06106613483277,
  "ttft_p99_ms": 191.18648826610297,
  "ttft_std_ms": 42.704252315280435,
  "tpot_mean_ms": 7.113604590096505,
  "tpot_p50_ms": 5.440625094342977,
  "tpot_p99_ms": 14.137458361012655,
  "itl_p50_ms": 5.38420700468123,
  "itl_p95_ms": 29.77470587939024,
  "itl_p99_ms": 50.19393824040894,
  "e2e_p50_ms": 227.37731749657542,
  "e2e_p90_ms": 282.213462726213,
  "e2e_p99_ms": 312.87329862592736,
  "e2e_mean_ms": 218.7684498494491
}