{
  "schema_version": 1,
  "mode": "quick",
  "passed": true,
  "completed": 8,
  "expected": 8,
  "failed_requests": 0,
  "success_rate": 1.0,
  "server_crash": false,
  "oom": false,
  "timeout": false,
  "parse_error": null,
  "raw_files": {
    "raw": "/home/t-jialianggu/work/EndtoEnd-auto-optimization/experiments/problems_moe/P001/attempts/attempt_001/verification/controls/prefill_long/quick_raw.jsonl",
    "benchmark_log": "/home/t-jialianggu/work/EndtoEnd-auto-optimization/experiments/problems_moe/P001/attempts/attempt_001/verification/controls/prefill_long/quick_benchmark.log",
    "server_log": "/home/t-jialianggu/work/EndtoEnd-auto-optimization/experiments/problems_moe/P001/attempts/attempt_001/verification/controls/prefill_long/server.log"
  },
  "duration_s": 0.9725974230095744,
  "request_throughput": 8.225397076670278,
  "input_throughput": 30588.1953788676,
  "output_throughput": 91.50754247795685,
  "ttft_mean_ms": 142.73599520674907,
  "ttft_p50_ms": 158.2707300549373,
  "ttft_p95_ms": 191.63282659137622,
  "ttft_p99_ms": 194.88905887352303,
  "ttft_std_ms": 43.75256666988494,
  "tpot_mean_ms": 7.0005368934974515,
  "tpot_p50_ms": 5.384898549490064,
  "tpot_p99_ms": 13.933518587456394,
  "itl_p50_ms": 5.410176934674382,
  "itl_p95_ms": 28.678091941401362,
  "itl_p99_ms": 50.011603487655556,
  "e2e_p50_ms": 230.54880648851395,
  "e2e_p90_ms": 282.92144406586885,
  "e2e_p99_ms": 309.08146138768643,
  "e2e_mean_ms": 219.04060288215987
}