{
  "schema_version": 1,
  "mode": "quick",
  "passed": true,
  "completed": 64,
  "expected": 64,
  "failed_requests": 0,
  "success_rate": 1.0,
  "server_crash": false,
  "oom": false,
  "timeout": false,
  "parse_error": null,
  "raw_files": {
    "raw": "/home/t-jialianggu/work/EndtoEnd-auto-optimization/experiments/problems_moe/P001/attempts/attempt_001/verification/neighbors/scheduler_overhead_high_concurrency__con_32/quick_raw.jsonl",
    "benchmark_log": "/home/t-jialianggu/work/EndtoEnd-auto-optimization/experiments/problems_moe/P001/attempts/attempt_001/verification/neighbors/scheduler_overhead_high_concurrency__con_32/quick_benchmark.log",
    "server_log": "/home/t-jialianggu/work/EndtoEnd-auto-optimization/experiments/problems_moe/P001/attempts/attempt_001/verification/neighbors/scheduler_overhead_high_concurrency__con_32/server.log"
  },
  "duration_s": 0.8528617979027331,
  "request_throughput": 75.04146645726422,
  "input_throughput": 5302.148614371075,
  "output_throughput": 658.9578773278514,
  "ttft_mean_ms": 119.86521121434635,
  "ttft_p50_ms": 126.38980254996568,
  "ttft_p95_ms": 146.40688996296376,
  "ttft_p99_ms": 146.6923431563191,
  "ttft_std_ms": 27.116240911392335,
  "tpot_mean_ms": 33.491373044221035,
  "tpot_p50_ms": 37.799868133983445,
  "tpot_p99_ms": 57.94711894278105,
  "itl_p50_ms": 13.586175511591136,
  "itl_p95_ms": 88.72222334612161,
  "itl_p99_ms": 99.10296942805871,
  "e2e_p50_ms": 311.1960618989542,
  "e2e_p90_ms": 713.1408789893612,
  "e2e_p99_ms": 749.8667924827896,
  "e2e_mean_ms": 381.15116628978285
}