{
  "captured_at": "2026-06-25T18:19:50Z",
  "environment": {
    "cuda": "12.8",
    "driver": "580.105.08",
    "engine_version": {
      "flashinfer": "0.6.3",
      "sglang": "0.0.0",
      "torch": "2.9.1",
      "triton": "3.5.1"
    },
    "git": {
      "commit": "e046b195e124bd0485bf85c753aa6faf5c3e29e3",
      "dirty": true
    },
    "gpu": {
      "id": 5,
      "name": "NVIDIA H200",
      "sm": "90",
      "uuid": "GPU-50a5b4b6-74d9-f89d-32c7-1908ca1a161b"
    },
    "hostname": "aifx-clou00000M"
  },
  "ok": true,
  "quality_gate": {
    "checks": {
      "completion_rate_min": {
        "message": "min completion_rate across runs = 1.000; threshold = 0.99",
        "passed": true,
        "threshold": 0.99,
        "value": 1.0
      },
      "output_not_constant": {
        "message": "skipped (bench records don't include text; v1 limitation)",
        "passed": true
      },
      "output_not_empty": {
        "message": "skipped (bench records don't include text; v1 limitation)",
        "passed": true
      }
    },
    "passed": true,
    "type": "sanity"
  },
  "regimes": {
    "R_concurrent_decode": {
      "completion_rate": 1.0,
      "concurrency": 32,
      "e2e_ms": {
        "count": 64,
        "p50": 2273.71763670817,
        "p99": 2291.4380989968777
      },
      "max_new": 256,
      "num_prompts": 32,
      "prompt_words": 200,
      "reliable": true,
      "req_per_s": {
        "mean": 13.934496039750785,
        "runs": [
          13.931021765927852,
          13.937970313573718
        ],
        "stddev": 0.0034742738229329717,
        "stddev_pct": 0.024932898994136195
      },
      "tokens_per_s": {
        "mean": 3567.230986176201,
        "runs": [
          3566.34157207753,
          3568.120400274872
        ],
        "stddev": 0.8894140986708408,
        "stddev_pct": 0.024932898994136195
      },
      "wall_s": {
        "mean": 2.296459225937724,
        "runs": [
          2.2970317997969687,
          2.2958866520784795
        ],
        "stddev": 0.000572573859244585,
        "stddev_pct": 0.024932898994136646
      }
    },
    "R_long_prefill": {
      "completion_rate": 1.0,
      "concurrency": 4,
      "e2e_ms": {
        "count": 8,
        "p50": 289.4254759885371,
        "p99": 292.43918182328343
      },
      "max_new": 32,
      "num_prompts": 4,
      "prompt_words": 4000,
      "reliable": true,
      "req_per_s": {
        "mean": 13.908138785665203,
        "runs": [
          13.617230052012983,
          14.199047519317423
        ],
        "stddev": 0.2909087336522198,
        "stddev_pct": 2.091643879424418
      },
      "tokens_per_s": {
        "mean": 445.0604411412865,
        "runs": [
          435.75136166441547,
          454.36952061815754
        ],
        "stddev": 9.309079476871034,
        "stddev_pct": 2.091643879424418
      },
      "wall_s": {
        "mean": 0.2877272665500641,
        "runs": [
          0.2937454963102937,
          0.2817090367898345
        ],
        "stddev": 0.0060182297602295876,
        "stddev_pct": 2.091643879424415
      }
    },
    "R_medium_balanced": {
      "completion_rate": 1.0,
      "concurrency": 8,
      "e2e_ms": {
        "count": 32,
        "p50": 1874.7579706832767,
        "p99": 1884.3184909783304
      },
      "max_new": 256,
      "num_prompts": 16,
      "prompt_words": 800,
      "reliable": true,
      "req_per_s": {
        "mean": 4.344522524252232,
        "runs": [
          4.347502227613649,
          4.3415428208908144
        ],
        "stddev": 0.0029797033614173962,
        "stddev_pct": 0.06858528974781308
      },
      "tokens_per_s": {
        "mean": 1112.1977662085715,
        "runs": [
          1112.9605702690942,
          1111.4349621480485
        ],
        "stddev": 0.7628040605228534,
        "stddev_pct": 0.06858528974781308
      },
      "wall_s": {
        "mean": 3.6827999940142035,
        "runs": [
          3.680274134967476,
          3.685325853060931
        ],
        "stddev": 0.002525859046727419,
        "stddev_pct": 0.06858528974782216
      }
    },
    "R_short_decode": {
      "completion_rate": 1.0,
      "concurrency": 1,
      "e2e_ms": {
        "count": 16,
        "p50": 1204.674788750708,
        "p99": 1207.9514781944454
      },
      "max_new": 256,
      "num_prompts": 8,
      "prompt_words": 100,
      "reliable": true,
      "req_per_s": {
        "mean": 0.8311291135731529,
        "runs": [
          0.8317091477478068,
          0.8305490793984989
        ],
        "stddev": 0.000580034174653965,
        "stddev_pct": 0.06978869650712971
      },
      "tokens_per_s": {
        "mean": 212.76905307472714,
        "runs": [
          212.91754182343854,
          212.6205643260157
        ],
        "stddev": 0.14848874871141504,
        "stddev_pct": 0.06978869650712971
      },
      "wall_s": {
        "mean": 9.625464642886072,
        "runs": [
          9.618747156579047,
          9.632182129193097
        ],
        "stddev": 0.006717486307024956,
        "stddev_pct": 0.06978869650713095
      }
    }
  },
  "schema_version": 1,
  "server": {
    "first_health_at_s": 40.08,
    "log_path": "R_medium_balanced_gpu5/trial_0009/server.log",
    "startup_wall_s": 40.08
  },
  "spec_hash": "sha256:a60ba18ef7e2a522ead727c9d11c6bf9cb0939a064f93b576756cb7a79f9d4d5",
  "spec_resolved": {
    "bench": {
      "backend": "sglang",
      "num_runs": 3,
      "per_request_timeout_s": 600,
      "reliable_stddev_pct": 8.0
    },
    "quality_gate": {
      "type": "sanity"
    },
    "regimes": {
      "R_concurrent_decode": {
        "concurrency": 32,
        "max_new": 256,
        "num_prompts": 32,
        "prompt_words": 200
      },
      "R_long_prefill": {
        "concurrency": 4,
        "max_new": 32,
        "num_prompts": 4,
        "prompt_words": 4000
      },
      "R_medium_balanced": {
        "concurrency": 8,
        "max_new": 256,
        "num_prompts": 16,
        "prompt_words": 800
      },
      "R_short_decode": {
        "concurrency": 1,
        "max_new": 256,
        "num_prompts": 8,
        "prompt_words": 100
      }
    },
    "server_config": {
      "_gpu_id": 5,
      "chunked-prefill-size": -1,
      "context-length": 32768,
      "disable-cuda-graph": false,
      "disable-radix-cache": false,
      "host": "127.0.0.1",
      "log-requests": false,
      "max-prefill-tokens": 16384,
      "max-running-requests": 32,
      "mem-fraction-static": 0.85,
      "model-path": "/data/hf/models/Qwen3-30B-A3B-Instruct-2507",
      "moe-runner-backend": "flashinfer_cutlass",
      "port": 31201,
      "schedule-conservativeness": 1.0,
      "schedule-policy": "fcfs",
      "served-model-name": "qwen3-30b-a3b-moe",
      "tensor-parallel-size": 1,
      "trust-remote-code": true
    }
  },
  "submission_id": "autotune-R_medium_balanced-trial-0009",
  "warnings": []
}