{
  "schema_version": 1,
  "mode": "quick",
  "passed": true,
  "completed": 64,
  "expected": 64,
  "failed_requests": 0,
  "success_rate": 1.0,
  "server_crash": false,
  "oom": false,
  "timeout": false,
  "parse_error": null,
  "raw_files": {
    "raw": "/home/t-jialianggu/work/EndtoEnd-auto-optimization/experiments/problems_moe/P001/attempts/attempt_003/verification/neighbors/scheduler_overhead_high_concurrency__con_32/quick_raw.jsonl",
    "benchmark_log": "/home/t-jialianggu/work/EndtoEnd-auto-optimization/experiments/problems_moe/P001/attempts/attempt_003/verification/neighbors/scheduler_overhead_high_concurrency__con_32/quick_benchmark.log",
    "server_log": "/home/t-jialianggu/work/EndtoEnd-auto-optimization/experiments/problems_moe/P001/attempts/attempt_003/verification/neighbors/scheduler_overhead_high_concurrency__con_32/server.log"
  },
  "duration_s": 0.838563211960718,
  "request_throughput": 76.32102039195829,
  "input_throughput": 5392.5570970693025,
  "output_throughput": 670.1939603168837,
  "ttft_mean_ms": 119.430051301606,
  "ttft_p50_ms": 118.82319254800677,
  "ttft_p95_ms": 146.8927685986273,
  "ttft_p99_ms": 147.11970765842125,
  "ttft_std_ms": 27.28966285559747,
  "tpot_mean_ms": 32.57349632674609,
  "tpot_p50_ms": 36.78311291982286,
  "tpot_p99_ms": 56.49547895416619,
  "itl_p50_ms": 13.817739556543529,
  "itl_p95_ms": 84.09230429679155,
  "itl_p99_ms": 99.28480262402445,
  "e2e_p50_ms": 308.30080702435225,
  "e2e_p90_ms": 698.2869616243988,
  "e2e_p99_ms": 735.8452457818203,
  "e2e_mean_ms": 374.1045752794889
}